Source,Target,Type,Label,Weight
ART_1,AUT_Колотыгина,Directed,cites,1
ART_1,AUT_Коллегов,Directed,cites,1
ART_1,AUT_Ли,Directed,cites,1
ART_1,AUT_Козловцева,Directed,cites,1
ART_1,AUT_Алферьева,Directed,cites,1
ART_1,AUT_Щукин,Directed,cites,1
ART_1,AUT_Сидоренко,Directed,cites,1
ART_3,AUT_Турко,Directed,cites,1
ART_3,AUT_Чернышенко,Directed,cites,1
ART_3,AUT_Еремина,Directed,cites,1
ART_3,AUT_Пласкина,Directed,cites,1
ART_3,AUT_Дьякова,Directed,cites,1
ART_3,AUT_Массалова,Directed,cites,1
ART_3,AUT_Яковлева,Directed,cites,1
ART_3,AUT_Виноградова,Directed,cites,1
ART_3,AUT_Мушенко,Directed,cites,1
ART_3,AUT_Холодкова,Directed,cites,1
ART_3,AUT_Жеребцова,Directed,cites,1
ART_3,AUT_Дзюба,Directed,cites,1
ART_3,AUT_Филиппов,Directed,cites,1
ART_3,AUT_Конышева,Directed,cites,1
ART_4,AUT_Тоцкая,Directed,cites,1
ART_4,AUT_Кравцова,Directed,cites,1
ART_4,AUT_Цзян,Directed,cites,1
ART_4,AUT_Недоспасова,Directed,cites,1
ART_5,AUT_Бим,Directed,cites,1
ART_5,AUT_Гальскова,Directed,cites,1
ART_6,AUT_Соловейчик,Directed,cites,1
ART_6,AUT_Кузьмин,Directed,cites,1
ART_6,AUT_Беляева,Directed,cites,1
ART_6,AUT_Колесников,Directed,cites,1
ART_6,AUT_Пикрвер,Directed,cites,1
ART_6,AUT_Форд,Directed,cites,1
ART_7,AUT_Козловцева,Directed,cites,1
ART_7,AUT_Титова,Directed,cites,1
ART_7,AUT_Ивахненко,Directed,cites,1
ART_7,AUT_Мушенко,Directed,cites,1
ART_7,AUT_Киреева,Directed,cites,1
ART_7,AUT_Штыхно,Directed,cites,1
ART_7,AUT_Константинова,Directed,cites,1
ART_7,AUT_Резаев,Directed,cites,1
ART_7,AUT_Трегубова,Directed,cites,1
ART_7,AUT_Дзюба,Directed,cites,1
ART_7,AUT_Ворожихин,Directed,cites,1
ART_7,AUT_Еремина,Directed,cites,1
ART_7,AUT_Сысоев,Directed,cites,1
ART_7,AUT_Петров,Directed,cites,1
ART_7,AUT_Пашковская,Directed,cites,1
ART_7,AUT_Быков,Directed,cites,1
ART_7,AUT_Ильина,Directed,cites,1
ART_7,AUT_Никольский,Directed,cites,1
ART_7,AUT_Филатов,Directed,cites,1
ART_8,AUT_Югай,Directed,cites,1
ART_8,AUT_Гулямов,Directed,cites,1
ART_8,AUT_Хайитматов,Directed,cites,1
ART_8,AUT_Шермухамедов,Directed,cites,1
ART_9,AUT_Анненкова,Directed,cites,1
ART_9,AUT_Гусарова,Directed,cites,1
ART_9,AUT_Харламенко,Directed,cites,1
ART_9,AUT_Ельникова,Directed,cites,1
ART_9,AUT_Мушенко,Directed,cites,1
ART_9,AUT_Рязанцева,Directed,cites,1
ART_9,AUT_Авраменко,Directed,cites,1
ART_9,AUT_Завадская,Directed,cites,1
ART_9,AUT_Добренко,Directed,cites,1
ART_9,AUT_Бурханова,Directed,cites,1
ART_9,AUT_Дзюба,Directed,cites,1
ART_9,AUT_Филатова,Directed,cites,1
ART_9,AUT_Левинский,Directed,cites,1
ART_9,AUT_Буторина,Directed,cites,1
ART_9,AUT_Котлярова,Directed,cites,1
ART_9,AUT_Еремина,Directed,cites,1
ART_9,AUT_Легостаева,Directed,cites,1
ART_9,AUT_Сысоев,Directed,cites,1
ART_9,AUT_Суханова,Directed,cites,1
ART_9,AUT_Тормышова,Directed,cites,1
ART_9,AUT_Ахмедова,Directed,cites,1
ART_9,AUT_Буланова,Directed,cites,1
ART_9,AUT_Коровникова,Directed,cites,1
ART_9,AUT_Ватьян,Directed,cites,1
ART_9,AUT_Филатов,Directed,cites,1
ART_9,AUT_Клочихин,Directed,cites,1
ART_10,AUT_Городова,Directed,cites,1
ART_10,AUT_Гаркуша,Directed,cites,1
ART_10,AUT_Ребко,Directed,cites,1
ART_10,AUT_Токтарова,Directed,cites,1
ART_11,AUT_Бахарева,Directed,cites,1
ART_11,AUT_Дзюба,Directed,cites,1
ART_11,AUT_Попович,Directed,cites,1
ART_12,AUT_Барашян,Directed,cites,1
ART_12,AUT_Васильева,Directed,cites,1
ART_12,AUT_Мубаракшина,Directed,cites,1
ART_12,AUT_Баохун,Directed,cites,1
ART_12,AUT_Волкова,Directed,cites,1
ART_12,AUT_Копотев,Directed,cites,1
ART_12,AUT_Сяо,Directed,cites,1
ART_12,AUT_Сюе,Directed,cites,1
ART_12,AUT_Булахова,Directed,cites,1
ART_12,AUT_Пироженко,Directed,cites,1
ART_12,AUT_Шисянь,Directed,cites,1
ART_12,AUT_Стрельчук,Directed,cites,1
ART_12,AUT_Ковтун,Directed,cites,1
ART_12,AUT_Катинская,Directed,cites,1
ART_12,AUT_Недоспасова,Directed,cites,1
ART_12,AUT_Файзуллина,Directed,cites,1
ART_12,AUT_Писарь,Directed,cites,1
ART_12,AUT_Ван,Directed,cites,1
ART_12,AUT_Фаттахова,Directed,cites,1
ART_12,AUT_Сюй,Directed,cites,1
ART_12,AUT_Трубчанинова,Directed,cites,1
ART_12,AUT_Гриншкун,Directed,cites,1
ART_12,AUT_Романова,Directed,cites,1
ART_12,AUT_Кононенко,Directed,cites,1
ART_12,AUT_Вязовская,Directed,cites,1
ART_12,AUT_Данилевская,Directed,cites,1
ART_12,AUT_Петрунева,Directed,cites,1
ART_12,AUT_Яньли,Directed,cites,1
ART_12,AUT_Сунь,Directed,cites,1
ART_12,AUT_Гладков,Directed,cites,1
ART_12,AUT_Петрова,Directed,cites,1
ART_12,AUT_Докукина,Directed,cites,1
ART_12,AUT_Патрушева,Directed,cites,1
ART_13,AUT_Иванов,Directed,cites,1
ART_13,AUT_Лебедева,Directed,cites,1
ART_13,AUT_Васильева,Directed,cites,1
ART_13,AUT_Гладков,Directed,cites,1
ART_13,AUT_Ковтун,Directed,cites,1
ART_13,AUT_Аксенова,Directed,cites,1
ART_13,AUT_Кузнецова,Directed,cites,1
ART_13,AUT_Патрушева,Directed,cites,1
ART_14,AUT_Югай,Directed,cites,1
ART_14,AUT_Гулямов,Directed,cites,1
ART_14,AUT_Хайитматов,Directed,cites,1
ART_14,AUT_Шермухамедов,Directed,cites,1
ART_15,AUT_Анненкова,Directed,cites,1
ART_15,AUT_Гусарова,Directed,cites,1
ART_15,AUT_Харламенко,Directed,cites,1
ART_15,AUT_Ельникова,Directed,cites,1
ART_15,AUT_Мушенко,Directed,cites,1
ART_15,AUT_Рязанцева,Directed,cites,1
ART_15,AUT_Авраменко,Directed,cites,1
ART_15,AUT_Завадская,Directed,cites,1
ART_15,AUT_Добренко,Directed,cites,1
ART_15,AUT_Бурханова,Directed,cites,1
ART_15,AUT_Дзюба,Directed,cites,1
ART_15,AUT_Филатова,Directed,cites,1
ART_15,AUT_Левинский,Directed,cites,1
ART_15,AUT_Буторина,Directed,cites,1
ART_15,AUT_Котлярова,Directed,cites,1
ART_15,AUT_Еремина,Directed,cites,1
ART_15,AUT_Легостаева,Directed,cites,1
ART_15,AUT_Сысоев,Directed,cites,1
ART_15,AUT_Суханова,Directed,cites,1
ART_15,AUT_Тормышова,Directed,cites,1
ART_15,AUT_Ахмедова,Directed,cites,1
ART_15,AUT_Буланова,Directed,cites,1
ART_15,AUT_Коровникова,Directed,cites,1
ART_15,AUT_Ватьян,Directed,cites,1
ART_15,AUT_Филатов,Directed,cites,1
ART_15,AUT_Клочихин,Directed,cites,1
ART_16,AUT_Соловейчик,Directed,cites,1
ART_16,AUT_Кузьмин,Directed,cites,1
ART_16,AUT_Беляева,Directed,cites,1
ART_16,AUT_Колесников,Directed,cites,1
ART_16,AUT_Пикрвер,Directed,cites,1
ART_16,AUT_Форд,Directed,cites,1
ART_17,AUT_Садыкова,Directed,cites,1
ART_17,AUT_Жалилова,Directed,cites,1
ART_17,AUT_Шмидт,Directed,cites,1
ART_17,AUT_Асанова,Directed,cites,1
ART_17,AUT_Иванова,Directed,cites,1
ART_17,AUT_Усенова,Directed,cites,1
ART_17,AUT_Аманова,Directed,cites,1
ART_18,AUT_Колотыгина,Directed,cites,1
ART_18,AUT_Коллегов,Directed,cites,1
ART_18,AUT_Ли,Directed,cites,1
ART_18,AUT_Козловцева,Directed,cites,1
ART_18,AUT_Алферьева,Directed,cites,1
ART_18,AUT_Щукин,Directed,cites,1
ART_18,AUT_Сидоренко,Directed,cites,1
ART_19,AUT_Дудихин,Directed,cites,1
ART_19,AUT_Орлова,Directed,cites,1
ART_19,AUT_Свердлова,Directed,cites,1
ART_19,AUT_Козловцева,Directed,cites,1
ART_19,AUT_Донина,Directed,cites,1
ART_19,AUT_Брагин,Directed,cites,1
ART_19,AUT_Паскова,Directed,cites,1
ART_19,AUT_Сойлен,Directed,cites,1
ART_19,AUT_Кондрашов,Directed,cites,1
ART_19,AUT_Термсикос,Directed,cites,1
ART_19,AUT_Осипенко,Directed,cites,1
ART_19,AUT_Сысоев,Directed,cites,1
ART_19,AUT_Ильдуганова,Directed,cites,1
ART_19,AUT_Бахтизин,Directed,cites,1
ART_19,AUT_Тихонова,Directed,cites,1
ART_19,AUT_Рафаэльян,Directed,cites,1
ART_19,AUT_Макаров,Directed,cites,1
ART_19,AUT_Коротков,Directed,cites,1
ART_19,AUT_Филатов,Directed,cites,1
ART_20,AUT_Турко,Directed,cites,1
ART_20,AUT_Чернышенко,Directed,cites,1
ART_20,AUT_Еремина,Directed,cites,1
ART_20,AUT_Пласкина,Directed,cites,1
ART_20,AUT_Дьякова,Directed,cites,1
ART_20,AUT_Массалова,Directed,cites,1
ART_20,AUT_Яковлева,Directed,cites,1
ART_20,AUT_Виноградова,Directed,cites,1
ART_20,AUT_Мушенко,Directed,cites,1
ART_20,AUT_Холодкова,Directed,cites,1
ART_20,AUT_Жеребцова,Directed,cites,1
ART_20,AUT_Дзюба,Directed,cites,1
ART_20,AUT_Филиппов,Directed,cites,1
ART_20,AUT_Конышева,Directed,cites,1
ART_21,AUT_Шимкович,Directed,cites,1
ART_21,AUT_Тхи,Directed,cites,1
ART_21,AUT_Козловцева,Directed,cites,1
ART_21,AUT_Ванновская,Directed,cites,1
ART_21,AUT_Мушенко,Directed,cites,1
ART_21,AUT_Булат,Directed,cites,1
ART_21,AUT_Ерёмина,Directed,cites,1
ART_21,AUT_Байчорова,Directed,cites,1
ART_21,AUT_Дзюба,Directed,cites,1
ART_21,AUT_Шадрина,Directed,cites,1
ART_21,AUT_Писарь,Directed,cites,1
ART_21,AUT_Кожевникова,Directed,cites,1
ART_21,AUT_Матухин,Directed,cites,1
ART_21,AUT_Сысоев,Directed,cites,1
ART_21,AUT_Строцкая,Directed,cites,1
ART_21,AUT_Чепуренко,Directed,cites,1
ART_21,AUT_Петрова,Directed,cites,1
ART_21,AUT_Филатов,Directed,cites,1
ART_22,AUT_Козловцева,Directed,cites,1
ART_22,AUT_Титова,Directed,cites,1
ART_22,AUT_Ивахненко,Directed,cites,1
ART_22,AUT_Мушенко,Directed,cites,1
ART_22,AUT_Киреева,Directed,cites,1
ART_22,AUT_Штыхно,Directed,cites,1
ART_22,AUT_Константинова,Directed,cites,1
ART_22,AUT_Резаев,Directed,cites,1
ART_22,AUT_Трегубова,Directed,cites,1
ART_22,AUT_Дзюба,Directed,cites,1
ART_22,AUT_Ворожихин,Directed,cites,1
ART_22,AUT_Еремина,Directed,cites,1
ART_22,AUT_Сысоев,Directed,cites,1
ART_22,AUT_Петров,Directed,cites,1
ART_22,AUT_Пашковская,Directed,cites,1
ART_22,AUT_Быков,Directed,cites,1
ART_22,AUT_Ильина,Directed,cites,1
ART_22,AUT_Никольский,Directed,cites,1
ART_22,AUT_Филатов,Directed,cites,1
ART_23,AUT_Карасик,Directed,cites,1
ART_23,AUT_Зубарева,Directed,cites,1
ART_23,AUT_Павиленис,Directed,cites,1
ART_23,AUT_Кочетова,Directed,cites,1
ART_23,AUT_Курочкина,Directed,cites,1
ART_23,AUT_Лузина,Directed,cites,1
ART_23,AUT_Моркина,Directed,cites,1
ART_23,AUT_Панкрац,Directed,cites,1
ART_23,AUT_Пименова,Directed,cites,1
ART_23,AUT_Демьянков,Directed,cites,1
ART_23,AUT_Зыкова,Directed,cites,1
ART_23,AUT_Шустова,Directed,cites,1
ART_23,AUT_Худяков,Directed,cites,1
ART_23,AUT_Кубрякова,Directed,cites,1
ART_23,AUT_Воркачев,Directed,cites,1
ART_23,AUT_Дубровская,Directed,cites,1
ART_23,AUT_Шестова,Directed,cites,1
ART_23,AUT_Привалова,Directed,cites,1
ART_23,AUT_Винокурова,Directed,cites,1
ART_23,AUT_Челпанова,Directed,cites,1
ART_23,AUT_Арутюнян,Directed,cites,1
ART_23,AUT_Кокова,Directed,cites,1
ART_23,AUT_Фомин,Directed,cites,1
ART_23,AUT_Дроздова,Directed,cites,1
ART_23,AUT_Евсеева,Directed,cites,1
ART_23,AUT_Ткаченко,Directed,cites,1
ART_23,AUT_Чухарев,Directed,cites,1
ART_23,AUT_Аруноаст,Directed,cites,1
ART_24,AUT_Земляков,Directed,cites,1
ART_24,AUT_Зарипова,Directed,cites,1
ART_24,AUT_Бегишев,Directed,cites,1
ART_24,AUT_Матюшок,Directed,cites,1
ART_24,AUT_Хисамова,Directed,cites,1
ART_24,AUT_Есионова,Directed,cites,1
ART_24,AUT_Пырнова,Directed,cites,1
ART_24,AUT_Землякова,Directed,cites,1
ART_24,AUT_Петрова,Directed,cites,1
ART_24,AUT_Котельникова,Directed,cites,1
ART_24,AUT_Дробахина,Directed,cites,1
ART_25,AUT_Крепкогорская,Directed,cites,1
ART_25,AUT_Ситдиков,Directed,cites,1
ART_25,AUT_Ситдикова,Directed,cites,1
ART_25,AUT_Кашпирева,Directed,cites,1
ART_25,AUT_Семенов,Directed,cites,1
ART_25,AUT_Аиткулова,Directed,cites,1
ART_25,AUT_Сальникова,Directed,cites,1
ART_25,AUT_Пырнова,Directed,cites,1
ART_27,AUT_Дизон,Directed,cites,1
ART_27,AUT_Йованович,Directed,cites,1
ART_27,AUT_Сысоев,Directed,cites,1
ART_27,AUT_Петрович,Directed,cites,1
ART_27,AUT_Титова,Directed,cites,1
ART_28,AUT_Суслова,Directed,cites,1
ART_28,AUT_Садыкова,Directed,cites,1
ART_28,AUT_Соболева,Directed,cites,1
ART_28,AUT_Караваев,Directed,cites,1
ART_28,AUT_Ярина,Directed,cites,1
ART_28,AUT_Левченко,Directed,cites,1
ART_28,AUT_Павлюк,Directed,cites,1
ART_28,AUT_Паскова,Directed,cites,1
ART_29,AUT_Дунаева,Directed,cites,1
ART_29,AUT_Васильева,Directed,cites,1
ART_29,AUT_Мантусов,Directed,cites,1
ART_29,AUT_Сысоев,Directed,cites,1
ART_29,AUT_Игнатьева,Directed,cites,1
ART_29,AUT_Богомолов,Directed,cites,1
ART_29,AUT_Прохоров,Directed,cites,1
ART_29,AUT_Левина,Directed,cites,1
ART_29,AUT_Филатов,Directed,cites,1
ART_30,AUT_Пассов,Directed,cites,1
ART_30,AUT_Гарднер,Directed,cites,1
ART_30,AUT_Караулов,Directed,cites,1
ART_31,AUT_Еремина,Directed,cites,1
ART_31,AUT_Иванов,Directed,cites,1
ART_31,AUT_Сысоев,Directed,cites,1
ART_31,AUT_Дзюба,Directed,cites,1
ART_31,AUT_Мушенко,Directed,cites,1
ART_31,AUT_Гурова,Directed,cites,1
ART_32,AUT_Гальскова,Directed,cites,1
ART_32,AUT_Пассов,Directed,cites,1
ART_32,AUT_Гез,Directed,cites,1
ART_32,AUT_Щукин,Directed,cites,1
ART_32,AUT_Бим,Directed,cites,1
ART_32,AUT_Азимов,Directed,cites,1
ART_33,AUT_Сакаргалиева,Directed,cites,1
ART_33,AUT_Сысоев,Directed,cites,1
ART_33,AUT_Игисинова,Directed,cites,1
ART_33,AUT_Ельникова,Directed,cites,1
ART_33,AUT_Филатов,Directed,cites,1
ART_36,AUT_Болл,Directed,cites,1
ART_37,AUT_Еремина,Directed,cites,1
ART_37,AUT_Козловцева,Directed,cites,1
ART_37,AUT_Дзюба,Directed,cites,1
ART_37,AUT_Ельникова,Directed,cites,1
ART_37,AUT_Мушенко,Directed,cites,1
ART_37,AUT_Писарь,Directed,cites,1
ART_38,AUT_Щербов,Directed,cites,1
ART_38,AUT_Дрейфельд,Directed,cites,1
ART_38,AUT_Рего,Directed,cites,1
ART_38,AUT_Житкова,Directed,cites,1
ART_38,AUT_Александрова,Directed,cites,1
ART_38,AUT_Заболотнева,Directed,cites,1
ART_38,AUT_Кожухова,Directed,cites,1
ART_38,AUT_Сорокин,Directed,cites,1
ART_38,AUT_Питина,Directed,cites,1
ART_38,AUT_Якобсон,Directed,cites,1
ART_38,AUT_Сысоев,Directed,cites,1
ART_38,AUT_Беленева,Directed,cites,1
ART_38,AUT_Ахмедова,Directed,cites,1
ART_38,AUT_Буланова,Directed,cites,1
ART_38,AUT_Козловская,Directed,cites,1
ART_38,AUT_Карпова,Directed,cites,1
ART_38,AUT_Авраменко,Directed,cites,1
ART_38,AUT_Филатов,Directed,cites,1
ART_40,AUT_Никитин,Directed,cites,1
ART_40,AUT_Кожевникова,Directed,cites,1
ART_40,AUT_Пшеничный,Directed,cites,1
ART_40,AUT_Матухин,Directed,cites,1
ART_40,AUT_Патрушева,Directed,cites,1
ART_40,AUT_Фурс,Directed,cites,1
ART_40,AUT_Ельникова,Directed,cites,1
ART_40,AUT_Исмаилова,Directed,cites,1
ART_40,AUT_Вострякова,Directed,cites,1
ART_40,AUT_Еремеев,Directed,cites,1
ART_40,AUT_Колин,Directed,cites,1
ART_40,AUT_Копылова,Directed,cites,1
ART_40,AUT_Хорошилов,Directed,cites,1
ART_41,AUT_Белаш,Directed,cites,1
ART_41,AUT_Павлов,Directed,cites,1
ART_41,AUT_Никишкина,Directed,cites,1
ART_41,AUT_Массалова,Directed,cites,1
ART_41,AUT_Токторбаев,Directed,cites,1
ART_41,AUT_Крючкова,Directed,cites,1
ART_41,AUT_Таланова,Directed,cites,1
ART_41,AUT_Мощинская,Directed,cites,1
ART_41,AUT_Дзюба,Directed,cites,1
ART_41,AUT_Холодкова,Directed,cites,1
ART_41,AUT_Ларин,Directed,cites,1
ART_41,AUT_Кашлев,Directed,cites,1
ART_41,AUT_Писарь,Directed,cites,1
ART_42,AUT_Дунаева,Directed,cites,1
ART_42,AUT_Ван,Directed,cites,1
ART_42,AUT_Богомолов,Directed,cites,1
ART_42,AUT_Лебедева,Directed,cites,1
ART_42,AUT_Сысоев,Directed,cites,1
ART_42,AUT_Биккулова,Directed,cites,1
ART_42,AUT_Ивкина,Directed,cites,1
ART_42,AUT_Лапошина,Directed,cites,1
ART_43,AUT_Дунаева,Directed,cites,1
ART_43,AUT_Моргун,Directed,cites,1
ART_43,AUT_Соловова,Directed,cites,1
ART_43,AUT_Васильева,Directed,cites,1
ART_43,AUT_Рыков,Directed,cites,1
ART_43,AUT_Козловцева,Directed,cites,1
ART_43,AUT_Гарцов,Directed,cites,1
ART_43,AUT_Ельникова,Directed,cites,1
ART_43,AUT_Лыу,Directed,cites,1
ART_43,AUT_Шамши,Directed,cites,1
ART_43,AUT_Самуйлова,Directed,cites,1
ART_43,AUT_Кайси,Directed,cites,1
ART_43,AUT_Стрельчук,Directed,cites,1
ART_43,AUT_Архангельская,Directed,cites,1
ART_43,AUT_Азимов,Directed,cites,1
ART_43,AUT_Ван,Directed,cites,1
ART_43,AUT_Кожевникова,Directed,cites,1
ART_43,AUT_Нефёдов,Directed,cites,1
ART_43,AUT_Огрызко,Directed,cites,1
ART_43,AUT_Трубчанинова,Directed,cites,1
ART_43,AUT_Сысоев,Directed,cites,1
ART_43,AUT_Кулибина,Directed,cites,1
ART_43,AUT_Вязовская,Directed,cites,1
ART_43,AUT_Данилевская,Directed,cites,1
ART_43,AUT_Богомолов,Directed,cites,1
ART_43,AUT_Грудева,Directed,cites,1
ART_43,AUT_Алексеева,Directed,cites,1
ART_43,AUT_Левина,Directed,cites,1
ART_43,AUT_Жиндаева,Directed,cites,1
ART_43,AUT_Филатов,Directed,cites,1
ART_44,AUT_Крутецкий,Directed,cites,1
ART_44,AUT_Петросян,Directed,cites,1
ART_44,AUT_Денисенко,Directed,cites,1
ART_44,AUT_Леонтьев,Directed,cites,1
ART_44,AUT_Линник,Directed,cites,1
ART_44,AUT_Торунова,Directed,cites,1
ART_44,AUT_Гальперин,Directed,cites,1
ART_44,AUT_Антипова,Directed,cites,1
ART_44,AUT_Березняцкая,Directed,cites,1
ART_44,AUT_Ячина,Directed,cites,1
ART_44,AUT_Бароненко,Directed,cites,1
ART_44,AUT_Коваленко,Directed,cites,1
ART_44,AUT_Калинина,Directed,cites,1
ART_45,AUT_Донгак,Directed,cites,1
ART_45,AUT_Лукашевич,Directed,cites,1
ART_45,AUT_Щербакова,Directed,cites,1
ART_45,AUT_Сапин,Directed,cites,1
ART_45,AUT_Козловцева,Directed,cites,1
ART_45,AUT_Баранова,Directed,cites,1
ART_45,AUT_Муртазин,Directed,cites,1
ART_45,AUT_Воронцов,Directed,cites,1
ART_45,AUT_Бабенкова,Directed,cites,1
ART_45,AUT_Пустовойт,Directed,cites,1
ART_45,AUT_Большакова,Directed,cites,1
ART_45,AUT_Добренко,Directed,cites,1
ART_45,AUT_Куриленко,Directed,cites,1
ART_45,AUT_Балакин,Directed,cites,1
ART_45,AUT_Бирюкова,Directed,cites,1
ART_45,AUT_Максютов,Directed,cites,1
ART_45,AUT_Воронцова,Directed,cites,1
ART_45,AUT_Боровская,Directed,cites,1
ART_45,AUT_Давыдова,Directed,cites,1
ART_45,AUT_Соколова,Directed,cites,1
ART_45,AUT_Овсий,Directed,cites,1
ART_45,AUT_Селиверстова,Directed,cites,1
ART_45,AUT_Гришина,Directed,cites,1
ART_45,AUT_Джанарсанам,Directed,cites,1
ART_45,AUT_Зимовина,Directed,cites,1
ART_45,AUT_Ефремова,Directed,cites,1
ART_45,AUT_Краснова,Directed,cites,1
ART_45,AUT_Будникова,Directed,cites,1
ART_45,AUT_Клышинский,Directed,cites,1
ART_46,AUT_Паскова,Directed,cites,1
ART_46,AUT_Агамалиев,Directed,cites,1
ART_46,AUT_Божьева,Directed,cites,1
ART_46,AUT_Евдокимова,Directed,cites,1
ART_47,AUT_Ван,Directed,cites,1
ART_47,AUT_Дунаева,Directed,cites,1
ART_47,AUT_Богомолов,Directed,cites,1
ART_47,AUT_Лебедева,Directed,cites,1
ART_47,AUT_Лапошина,Directed,cites,1
ART_47,AUT_Сысоев,Directed,cites,1
ART_47,AUT_Ивкина,Directed,cites,1
ART_47,AUT_Биккулова,Directed,cites,1
ART_48,AUT_Круглова,Directed,cites,1
ART_48,AUT_Ивкина,Directed,cites,1
ART_48,AUT_Биккулова,Directed,cites,1
ART_48,AUT_Бабаян,Directed,cites,1
ART_48,AUT_Щукин,Directed,cites,1
ART_48,AUT_Кадеева,Directed,cites,1
ART_48,AUT_Омарова,Directed,cites,1
ART_48,AUT_Гайдаш,Directed,cites,1
ART_48,AUT_Романюта,Directed,cites,1
ART_48,AUT_Сырицына,Directed,cites,1
ART_48,AUT_Азимов,Directed,cites,1
ART_50,AUT_Моргун,Directed,cites,1
ART_50,AUT_Ткачева,Directed,cites,1
ART_50,AUT_Подгорный,Directed,cites,1
ART_50,AUT_Касумова,Directed,cites,1
ART_50,AUT_Магомедова,Directed,cites,1
ART_50,AUT_Кайси,Directed,cites,1
ART_50,AUT_Лисовенко,Directed,cites,1
ART_50,AUT_Ковтун,Directed,cites,1
ART_50,AUT_Эхаева,Directed,cites,1
ART_50,AUT_Архангельская,Directed,cites,1
ART_50,AUT_Азимов,Directed,cites,1
ART_50,AUT_Леонтович,Directed,cites,1
ART_50,AUT_Сидорова,Directed,cites,1
ART_50,AUT_Позднякова,Directed,cites,1
ART_50,AUT_Казикин,Directed,cites,1
ART_50,AUT_Ромашина,Directed,cites,1
ART_50,AUT_Яковлева,Directed,cites,1
ART_50,AUT_Антропова,Directed,cites,1
ART_50,AUT_Игнатьева,Directed,cites,1
ART_50,AUT_Лешер,Directed,cites,1
ART_50,AUT_Давыдова,Directed,cites,1
ART_50,AUT_Щукин,Directed,cites,1
ART_50,AUT_Кузнецова,Directed,cites,1
ART_50,AUT_Джегистаева,Directed,cites,1
ART_50,AUT_Толкачева,Directed,cites,1
ART_50,AUT_Гладков,Directed,cites,1
ART_50,AUT_Алексюк,Directed,cites,1
ART_50,AUT_Михайлова,Directed,cites,1
ART_50,AUT_Аксенова,Directed,cites,1
ART_50,AUT_Авраменко,Directed,cites,1
ART_50,AUT_Патрушева,Directed,cites,1
ART_51,AUT_Ван,Directed,cites,1
ART_51,AUT_Дунаева,Directed,cites,1
ART_51,AUT_Богомолов,Directed,cites,1
ART_51,AUT_Лебедева,Directed,cites,1
ART_51,AUT_Лапошина,Directed,cites,1
ART_51,AUT_Сысоев,Directed,cites,1
ART_51,AUT_Ивкина,Directed,cites,1
ART_51,AUT_Биккулова,Directed,cites,1
ART_52,AUT_Панюкова,Directed,cites,1
ART_52,AUT_Куликова,Directed,cites,1
ART_52,AUT_Гафаров,Directed,cites,1
ART_52,AUT_Кошеварова,Directed,cites,1
ART_52,AUT_Немыка,Directed,cites,1
ART_52,AUT_Китаева,Directed,cites,1
ART_52,AUT_Соменков,Directed,cites,1
ART_52,AUT_Галиева,Directed,cites,1
ART_52,AUT_Веснина,Directed,cites,1
ART_54,AUT_Шимкович,Directed,cites,1
ART_54,AUT_Певницкая,Directed,cites,1
ART_54,AUT_Галиагберова,Directed,cites,1
ART_54,AUT_Провоторова,Directed,cites,1
ART_54,AUT_Титова,Directed,cites,1
ART_54,AUT_Исмаилова,Directed,cites,1
ART_54,AUT_Махмутова,Directed,cites,1
ART_54,AUT_Копылова,Directed,cites,1
ART_54,AUT_Теплов,Directed,cites,1
ART_54,AUT_Михеева,Directed,cites,1
ART_54,AUT_Галкина,Directed,cites,1
ART_54,AUT_Матухин,Directed,cites,1
ART_54,AUT_Руженцева,Directed,cites,1
ART_54,AUT_Пирогова,Directed,cites,1
ART_54,AUT_Грачева,Directed,cites,1
ART_54,AUT_Лобеева,Directed,cites,1
ART_54,AUT_Грачёва,Directed,cites,1
ART_54,AUT_Петрова,Directed,cites,1
ART_55,AUT_Амиров,Directed,cites,1
ART_55,AUT_Коровникова,Directed,cites,1
ART_55,AUT_Гусева,Directed,cites,1
ART_55,AUT_Козловцева,Directed,cites,1
ART_55,AUT_Околелов,Directed,cites,1
ART_55,AUT_Ельникова,Directed,cites,1
ART_55,AUT_Билалова,Directed,cites,1
ART_55,AUT_Лутовинова,Directed,cites,1
ART_56,AUT_Панюкова,Directed,cites,1
ART_56,AUT_Куликова,Directed,cites,1
ART_56,AUT_Гафаров,Directed,cites,1
ART_56,AUT_Кошеварова,Directed,cites,1
ART_56,AUT_Немыка,Directed,cites,1
ART_56,AUT_Китаева,Directed,cites,1
ART_56,AUT_Соменков,Directed,cites,1
ART_56,AUT_Галиева,Directed,cites,1
ART_56,AUT_Веснина,Directed,cites,1
ART_57,AUT_Исламов,Directed,cites,1
ART_57,AUT_Толстель,Directed,cites,1
ART_58,AUT_Сорокин,Directed,cites,1
ART_58,AUT_Адельшина,Directed,cites,1
ART_58,AUT_Хмаренко,Directed,cites,1
ART_58,AUT_Коренев,Directed,cites,1
ART_58,AUT_Сысоев,Directed,cites,1
ART_58,AUT_Ершова,Directed,cites,1
ART_58,AUT_Филатов,Directed,cites,1
ART_58,AUT_Ляшенко,Directed,cites,1
ART_59,AUT_Моргун,Directed,cites,1
ART_59,AUT_Костомаров,Directed,cites,1
ART_59,AUT_Верещагин,Directed,cites,1
ART_59,AUT_Сидорова,Directed,cites,1
ART_59,AUT_Петрова,Directed,cites,1
ART_59,AUT_Игнатьева,Directed,cites,1
ART_59,AUT_Кулибина,Directed,cites,1
ART_59,AUT_Шевченко,Directed,cites,1
ART_59,AUT_Давыдова,Directed,cites,1
ART_59,AUT_Кайси,Directed,cites,1
ART_59,AUT_Лютова,Directed,cites,1
ART_59,AUT_Рублёва,Directed,cites,1
ART_59,AUT_Козлоцева,Directed,cites,1
ART_59,AUT_Гладков,Directed,cites,1
ART_59,AUT_Ковтун,Directed,cites,1
ART_59,AUT_Архангельская,Directed,cites,1
ART_59,AUT_Авраменко,Directed,cites,1
ART_59,AUT_Писарь,Directed,cites,1
ART_60,AUT_Сидорова,Directed,cites,1
ART_60,AUT_Пашенцев,Directed,cites,1
ART_60,AUT_Игнатьева,Directed,cites,1
ART_60,AUT_Колбина,Directed,cites,1
ART_60,AUT_Матюхин,Directed,cites,1
ART_60,AUT_Рублёва,Directed,cites,1
ART_60,AUT_Гладков,Directed,cites,1
ART_60,AUT_Ковтун,Directed,cites,1
ART_60,AUT_Поляков,Directed,cites,1
ART_61,AUT_Асанова,Directed,cites,1
ART_61,AUT_Усенова,Directed,cites,1
ART_61,AUT_Садыкова,Directed,cites,1
ART_61,AUT_Шмидт,Directed,cites,1
ART_61,AUT_Петрова,Directed,cites,1
ART_61,AUT_Бондаренко,Directed,cites,1
ART_61,AUT_Иванова,Directed,cites,1
ART_61,AUT_Жалилова,Directed,cites,1
ART_61,AUT_Аманова,Directed,cites,1
ART_63,AUT_Белаш,Directed,cites,1
ART_63,AUT_Павлов,Directed,cites,1
ART_63,AUT_Никишкина,Directed,cites,1
ART_63,AUT_Массалова,Directed,cites,1
ART_63,AUT_Токторбаев,Directed,cites,1
ART_63,AUT_Крючкова,Directed,cites,1
ART_63,AUT_Таланова,Directed,cites,1
ART_63,AUT_Мощинская,Directed,cites,1
ART_63,AUT_Дзюба,Directed,cites,1
ART_63,AUT_Холодкова,Directed,cites,1
ART_63,AUT_Ларин,Directed,cites,1
ART_63,AUT_Кашлев,Directed,cites,1
ART_63,AUT_Писарь,Directed,cites,1
ART_67,AUT_Пиксендеева,Directed,cites,1
ART_67,AUT_Егорова,Directed,cites,1
ART_67,AUT_Одегова,Directed,cites,1
ART_67,AUT_Коноваленко,Directed,cites,1
ART_67,AUT_Осокина,Directed,cites,1
ART_67,AUT_Фирсова,Directed,cites,1
ART_67,AUT_Бабина,Directed,cites,1
ART_67,AUT_Нгома,Directed,cites,1
ART_67,AUT_Максимова,Directed,cites,1
ART_67,AUT_Ястребова,Directed,cites,1
ART_67,AUT_Азимов,Directed,cites,1
ART_67,AUT_Кузовлева,Directed,cites,1
ART_67,AUT_Тынник,Directed,cites,1
ART_67,AUT_Богачева,Directed,cites,1
ART_67,AUT_Пассов,Directed,cites,1
ART_67,AUT_Самчик,Directed,cites,1
ART_67,AUT_Стаканова,Directed,cites,1
ART_67,AUT_Щукин,Directed,cites,1
ART_67,AUT_Федотова,Directed,cites,1
ART_67,AUT_Никитина,Directed,cites,1
ART_67,AUT_Холод,Directed,cites,1
ART_67,AUT_Шилова,Directed,cites,1
ART_68,AUT_Дунаева,Directed,cites,1
ART_68,AUT_Ван,Directed,cites,1
ART_68,AUT_Богомолов,Directed,cites,1
ART_68,AUT_Лебедева,Directed,cites,1
ART_68,AUT_Сысоев,Directed,cites,1
ART_68,AUT_Биккулова,Directed,cites,1
ART_68,AUT_Ивкина,Directed,cites,1
ART_68,AUT_Лапошина,Directed,cites,1
ART_69,AUT_Московкин,Directed,cites,1
ART_69,AUT_Караулов,Directed,cites,1
ART_69,AUT_Полякова,Directed,cites,1
ART_69,AUT_Ружицкий,Directed,cites,1
ART_69,AUT_Черепанова,Directed,cites,1
ART_69,AUT_Александрова,Directed,cites,1
ART_69,AUT_Власов,Directed,cites,1
ART_69,AUT_Москвичева,Directed,cites,1
ART_69,AUT_Недосека,Directed,cites,1
ART_69,AUT_Внуковская,Directed,cites,1
ART_69,AUT_Резникова,Directed,cites,1
ART_69,AUT_Хабарова,Directed,cites,1
ART_69,AUT_Шерина,Directed,cites,1
ART_69,AUT_Воркачев,Directed,cites,1
ART_69,AUT_Уайт,Directed,cites,1
ART_69,AUT_Абрамова,Directed,cites,1
ART_69,AUT_Федорович,Directed,cites,1
ART_69,AUT_Черкасова,Directed,cites,1
ART_69,AUT_Кононенко,Directed,cites,1
ART_69,AUT_Бохонная,Directed,cites,1
ART_69,AUT_Должикова,Directed,cites,1
ART_69,AUT_Потёмкина,Directed,cites,1
ART_69,AUT_Бруффартс,Directed,cites,1
ART_69,AUT_Рутер,Directed,cites,1
ART_69,AUT_Михайлова,Directed,cites,1
ART_69,AUT_Антонова,Directed,cites,1
ART_70,AUT_Дунаева,Directed,cites,1
ART_70,AUT_Пиков,Directed,cites,1
ART_70,AUT_Васильева,Directed,cites,1
ART_70,AUT_Аврааменко,Directed,cites,1
ART_70,AUT_Игнатович,Directed,cites,1
ART_70,AUT_Харламенко,Directed,cites,1
ART_70,AUT_Морозова,Directed,cites,1
ART_70,AUT_Мушенко,Directed,cites,1
ART_70,AUT_Боженкова,Directed,cites,1
ART_70,AUT_Обвинцева,Directed,cites,1
ART_70,AUT_Будников,Directed,cites,1
ART_70,AUT_Рублева,Directed,cites,1
ART_70,AUT_Дзюба,Directed,cites,1
ART_70,AUT_Ковалева,Directed,cites,1
ART_70,AUT_Сорокин,Directed,cites,1
ART_70,AUT_Бубнова,Directed,cites,1
ART_70,AUT_Азимов,Directed,cites,1
ART_70,AUT_Ван,Directed,cites,1
ART_70,AUT_Трубчанинова,Directed,cites,1
ART_70,AUT_Еремина,Directed,cites,1
ART_70,AUT_Лавриненко,Directed,cites,1
ART_70,AUT_Кулибина,Directed,cites,1
ART_70,AUT_Сысоев,Directed,cites,1
ART_70,AUT_Богомаз,Directed,cites,1
ART_70,AUT_Вязовская,Directed,cites,1
ART_70,AUT_Данилевская,Directed,cites,1
ART_70,AUT_Платонова,Directed,cites,1
ART_70,AUT_Анастасова,Directed,cites,1
ART_70,AUT_Бахарлу,Directed,cites,1
ART_70,AUT_Мурашкина,Directed,cites,1
ART_70,AUT_Костюкова,Directed,cites,1
ART_70,AUT_Веснина,Directed,cites,1
ART_70,AUT_Филатов,Directed,cites,1
ART_71,AUT_Крутецкий,Directed,cites,1
ART_71,AUT_Петросян,Directed,cites,1
ART_71,AUT_Денисенко,Directed,cites,1
ART_71,AUT_Леонтьев,Directed,cites,1
ART_71,AUT_Линник,Directed,cites,1
ART_71,AUT_Торунова,Directed,cites,1
ART_71,AUT_Гальперин,Directed,cites,1
ART_71,AUT_Антипова,Directed,cites,1
ART_71,AUT_Березняцкая,Directed,cites,1
ART_71,AUT_Ячина,Directed,cites,1
ART_71,AUT_Бароненко,Directed,cites,1
ART_71,AUT_Коваленко,Directed,cites,1
ART_71,AUT_Калинина,Directed,cites,1
ART_72,AUT_Круглова,Directed,cites,1
ART_72,AUT_Ивкина,Directed,cites,1
ART_72,AUT_Биккулова,Directed,cites,1
ART_72,AUT_Бабаян,Directed,cites,1
ART_72,AUT_Щукин,Directed,cites,1
ART_72,AUT_Кадеева,Directed,cites,1
ART_72,AUT_Омарова,Directed,cites,1
ART_72,AUT_Гайдаш,Directed,cites,1
ART_72,AUT_Романюта,Directed,cites,1
ART_72,AUT_Сырицына,Directed,cites,1
ART_72,AUT_Азимов,Directed,cites,1
ART_73,AUT_Ван,Directed,cites,1
ART_73,AUT_Дунаева,Directed,cites,1
ART_73,AUT_Богомолов,Directed,cites,1
ART_73,AUT_Лебедева,Directed,cites,1
ART_73,AUT_Лапошина,Directed,cites,1
ART_73,AUT_Сысоев,Directed,cites,1
ART_73,AUT_Ивкина,Directed,cites,1
ART_73,AUT_Биккулова,Directed,cites,1
ART_75,AUT_Моргун,Directed,cites,1
ART_75,AUT_Шобонов,Directed,cites,1
ART_75,AUT_Булаева,Directed,cites,1
ART_75,AUT_Зиновьева,Directed,cites,1
ART_75,AUT_Гущин,Directed,cites,1
ART_75,AUT_Ивахненко,Directed,cites,1
ART_75,AUT_Канатьев,Directed,cites,1
ART_75,AUT_Кайси,Directed,cites,1
ART_75,AUT_Дзялошинский,Directed,cites,1
ART_75,AUT_Захарченко,Directed,cites,1
ART_75,AUT_Архангельская,Directed,cites,1
ART_75,AUT_Филатова,Directed,cites,1
ART_75,AUT_Никольский,Directed,cites,1
ART_77,AUT_Круглова,Directed,cites,1
ART_77,AUT_Ивкина,Directed,cites,1
ART_77,AUT_Биккулова,Directed,cites,1
ART_77,AUT_Бабаян,Directed,cites,1
ART_77,AUT_Щукин,Directed,cites,1
ART_77,AUT_Кадеева,Directed,cites,1
ART_77,AUT_Омарова,Directed,cites,1
ART_77,AUT_Гайдаш,Directed,cites,1
ART_77,AUT_Романюта,Directed,cites,1
ART_77,AUT_Сырицына,Directed,cites,1
ART_77,AUT_Азимов,Directed,cites,1
ART_78,AUT_Гулегина,Directed,cites,1
ART_78,AUT_Седых,Directed,cites,1
ART_78,AUT_Чеснокова,Directed,cites,1
ART_78,AUT_Исмаилова,Directed,cites,1
ART_78,AUT_Курбанова,Directed,cites,1
ART_78,AUT_Власова,Directed,cites,1
ART_78,AUT_Трофимова,Directed,cites,1
ART_78,AUT_Осипова,Directed,cites,1
ART_78,AUT_Бачурина,Directed,cites,1
ART_78,AUT_Максимова,Directed,cites,1
ART_78,AUT_Белаш,Directed,cites,1
ART_78,AUT_Судакова,Directed,cites,1
ART_78,AUT_Чернышенко,Directed,cites,1
ART_78,AUT_Никишкина,Directed,cites,1
ART_78,AUT_Саяпин,Directed,cites,1
ART_78,AUT_Руденко,Directed,cites,1
ART_78,AUT_Голодков,Directed,cites,1
ART_78,AUT_Карелин,Directed,cites,1
ART_78,AUT_Никитина,Directed,cites,1
ART_78,AUT_Нелюбин,Directed,cites,1
ART_78,AUT_Ларин,Directed,cites,1
ART_78,AUT_Корякова,Directed,cites,1
ART_78,AUT_Савастенко,Directed,cites,1
ART_78,AUT_Шилова,Directed,cites,1
ART_81,AUT_Есионова,Directed,cites,1
ART_82,AUT_Воронович,Directed,cites,1
ART_82,AUT_Аристова,Directed,cites,1
ART_82,AUT_Ведикер,Directed,cites,1
ART_82,AUT_Безносюк,Directed,cites,1
ART_84,AUT_Хабибуллин,Directed,cites,1
ART_84,AUT_Тьюринг,Directed,cites,1
ART_84,AUT_Писарь,Directed,cites,1
ART_85,AUT_Еремина,Directed,cites,1
ART_85,AUT_Сысоев,Directed,cites,1
ART_85,AUT_Дзюба,Directed,cites,1
ART_85,AUT_Мушенко,Directed,cites,1
ART_85,AUT_Филатов,Directed,cites,1
ART_86,AUT_Донина,Directed,cites,1
ART_86,AUT_Рафаэльян,Directed,cites,1
ART_86,AUT_Мартынова,Directed,cites,1
ART_87,AUT_Шобонов,Directed,cites,1
ART_87,AUT_Зиновьева,Directed,cites,1
ART_87,AUT_Булаева,Directed,cites,1
ART_87,AUT_Патрушева,Directed,cites,1
ART_89,AUT_Ткачева,Directed,cites,1
ART_89,AUT_Антохина,Directed,cites,1
ART_89,AUT_Гафурова,Directed,cites,1
ART_89,AUT_Исламов,Directed,cites,1
ART_89,AUT_Оводенко,Directed,cites,1
ART_89,AUT_Фурс,Directed,cites,1
ART_89,AUT_Горяинова,Directed,cites,1
ART_89,AUT_Кузнецова,Directed,cites,1
ART_89,AUT_Паскова,Directed,cites,1
ART_89,AUT_Мартынова,Directed,cites,1
ART_89,AUT_Терехова,Directed,cites,1
ART_89,AUT_Толкачева,Directed,cites,1
ART_89,AUT_Михайлова,Directed,cites,1
ART_89,AUT_Аксенова,Directed,cites,1
ART_89,AUT_Кричевский,Directed,cites,1
ART_90,AUT_Дзюба,Directed,cites,1
ART_90,AUT_Ельникова,Directed,cites,1
ART_90,AUT_Воронцова,Directed,cites,1
ART_90,AUT_Сысоев,Directed,cites,1
ART_91,AUT_Бахтин,Directed,cites,1
ART_91,AUT_Чернова,Directed,cites,1
ART_91,AUT_Байтерякова,Directed,cites,1
ART_92,AUT_Моргун,Directed,cites,1
ART_92,AUT_Ратников,Directed,cites,1
ART_92,AUT_Чафонова,Directed,cites,1
ART_92,AUT_Кайси,Directed,cites,1
ART_92,AUT_Нефедов,Directed,cites,1
ART_92,AUT_Патрушева,Directed,cites,1
ART_92,AUT_Архангельская,Directed,cites,1
ART_92,AUT_Огрызко,Directed,cites,1
ART_93,AUT_Новоселов,Directed,cites,1
ART_93,AUT_Лерхер,Directed,cites,1
ART_94,AUT_Пикалова,Directed,cites,1
ART_94,AUT_Трофимова,Directed,cites,1
ART_94,AUT_Максименко,Directed,cites,1
ART_94,AUT_Бутина,Directed,cites,1
ART_94,AUT_Швецова,Directed,cites,1
ART_95,AUT_Бад,Directed,cites,1
ART_95,AUT_Керр,Directed,cites,1
ART_95,AUT_Дилшодбеков,Directed,cites,1
ART_95,AUT_Попеничи,Directed,cites,1
ART_95,AUT_Ахмад,Directed,cites,1
ART_96,AUT_Седова,Directed,cites,1
ART_96,AUT_Шувалов,Directed,cites,1
ART_97,AUT_Михеева,Directed,cites,1
ART_97,AUT_Чопорова,Directed,cites,1
ART_97,AUT_Серостанова,Directed,cites,1
ART_97,AUT_Данилова,Directed,cites,1
ART_97,AUT_Бурлакова,Directed,cites,1
ART_99,AUT_Попов,Directed,cites,1
ART_99,AUT_Видова,Directed,cites,1
ART_99,AUT_Платонов,Directed,cites,1
ART_102,AUT_Гребенникова,Directed,cites,1
ART_102,AUT_Романова,Directed,cites,1
ART_102,AUT_Никитина,Directed,cites,1
ART_103,AUT_Моргун,Directed,cites,1
ART_103,AUT_Кайси,Directed,cites,1
ART_103,AUT_Терехова,Directed,cites,1
ART_103,AUT_Горяинова,Directed,cites,1
ART_103,AUT_Архангельская,Directed,cites,1
ART_104,AUT_Попова,Directed,cites,1
ART_104,AUT_Булаева,Directed,cites,1
ART_104,AUT_Горяинова,Directed,cites,1
ART_104,AUT_Зиновьева,Directed,cites,1
ART_104,AUT_Гущин,Directed,cites,1
ART_104,AUT_Пожидаева,Directed,cites,1
ART_104,AUT_Шабонов,Directed,cites,1
ART_104,AUT_Канатьев,Directed,cites,1
ART_104,AUT_Терехова,Directed,cites,1
ART_104,AUT_Беликова,Directed,cites,1
ART_104,AUT_Филатова,Directed,cites,1
ART_104,AUT_Королева,Directed,cites,1
ART_106,AUT_Котенко,Directed,cites,1
ART_106,AUT_Костюкович,Directed,cites,1
ART_106,AUT_Шефиева,Directed,cites,1
ART_106,AUT_Исаева,Directed,cites,1
ART_106,AUT_Луценко,Directed,cites,1
ART_106,AUT_Борисов,Directed,cites,1
ART_107,AUT_Гафурова,Directed,cites,1
ART_107,AUT_Козловцева,Directed,cites,1
ART_107,AUT_Писарь,Directed,cites,1
ART_107,AUT_Степаненко,Directed,cites,1
ART_107,AUT_Нахабина,Directed,cites,1
ART_107,AUT_Сергеева,Directed,cites,1
ART_107,AUT_Кольовска,Directed,cites,1
ART_107,AUT_Андрюшина,Directed,cites,1
ART_107,AUT_Козлова,Directed,cites,1
ART_108,AUT_Писарь,Directed,cites,1
ART_110,AUT_Жуковская,Directed,cites,1
ART_110,AUT_Ганиев,Directed,cites,1
ART_110,AUT_Доронина,Directed,cites,1
ART_110,AUT_Годизова,Directed,cites,1
ART_110,AUT_Носикова,Directed,cites,1
ART_110,AUT_Кузнецова,Directed,cites,1
ART_110,AUT_Абрамова,Directed,cites,1
ART_113,AUT_Андреева,Directed,cites,1
ART_113,AUT_Веселовская,Directed,cites,1
ART_113,AUT_Дмитриева,Directed,cites,1
ART_113,AUT_Щукина,Directed,cites,1
ART_113,AUT_Янгарбер,Directed,cites,1
ART_113,AUT_Купрещенко,Directed,cites,1
ART_113,AUT_Кравченко,Directed,cites,1
ART_113,AUT_Родионова,Directed,cites,1
ART_113,AUT_Матрусова,Directed,cites,1
ART_113,AUT_Жуэ,Directed,cites,1
ART_113,AUT_Труханова,Directed,cites,1
ART_113,AUT_Катинская,Directed,cites,1
ART_113,AUT_Аббакумов,Directed,cites,1
ART_113,AUT_Золотых,Directed,cites,1
ART_113,AUT_Антипова,Directed,cites,1
ART_113,AUT_Скворцова,Directed,cites,1
ART_113,AUT_Попова,Directed,cites,1
ART_113,AUT_Денисенко,Directed,cites,1
ART_113,AUT_Колосова,Directed,cites,1
ART_113,AUT_Куваева,Directed,cites,1
ART_113,AUT_Рождественская,Directed,cites,1
ART_113,AUT_Ярмахов,Directed,cites,1
ART_113,AUT_Веселова,Directed,cites,1
ART_113,AUT_Каляева,Directed,cites,1
ART_113,AUT_Блескина,Directed,cites,1
ART_113,AUT_Обухова,Directed,cites,1
ART_113,AUT_Лебедева,Directed,cites,1
ART_113,AUT_Анциферова,Directed,cites,1
ART_113,AUT_Лапошина,Directed,cites,1
ART_113,AUT_Землякова,Directed,cites,1
ART_113,AUT_Кривенко,Directed,cites,1
ART_114,AUT_Гуськова,Directed,cites,1
ART_114,AUT_Гнатышкина,Directed,cites,1
ART_114,AUT_Саламатов,Directed,cites,1
ART_115,AUT_Попова,Directed,cites,1
ART_115,AUT_Терехова,Directed,cites,1
ART_115,AUT_Горяинова,Directed,cites,1
ART_115,AUT_Беликова,Directed,cites,1
ART_115,AUT_Королева,Directed,cites,1
ART_116,AUT_Шобонов,Directed,cites,1
ART_116,AUT_Моргун,Directed,cites,1
ART_116,AUT_Булаева,Directed,cites,1
ART_116,AUT_Зиновьева,Directed,cites,1
ART_116,AUT_Гущин,Directed,cites,1
ART_116,AUT_Канатьев,Directed,cites,1
ART_116,AUT_Семенова,Directed,cites,1
ART_116,AUT_Кайси,Directed,cites,1
ART_116,AUT_Архангельская,Directed,cites,1
ART_116,AUT_Филатова,Directed,cites,1
ART_117,AUT_Дунаева,Directed,cites,1
ART_117,AUT_Богомолов,Directed,cites,1
ART_117,AUT_Крюкова,Directed,cites,1
ART_120,AUT_Ткачева,Directed,cites,1
ART_120,AUT_Усольцева,Directed,cites,1
ART_120,AUT_Аксенова,Directed,cites,1
ART_120,AUT_Кузнецова,Directed,cites,1
ART_120,AUT_Усольцев,Directed,cites,1
ART_120,AUT_Толкачева,Directed,cites,1
ART_120,AUT_Гладков,Directed,cites,1
ART_120,AUT_Ковтун,Directed,cites,1
ART_120,AUT_Михайлова,Directed,cites,1
ART_120,AUT_Котане,Directed,cites,1
ART_120,AUT_Будникова,Directed,cites,1
ART_120,AUT_Патрушева,Directed,cites,1
ART_121,AUT_Югова,Directed,cites,1
ART_121,AUT_Караулов,Directed,cites,1
ART_121,AUT_Каган,Directed,cites,1
ART_121,AUT_Левитан,Directed,cites,1
ART_121,AUT_Панченко,Directed,cites,1
ART_121,AUT_Калистратова,Directed,cites,1
ART_121,AUT_Корнеева,Directed,cites,1
ART_121,AUT_Глубокова,Directed,cites,1
ART_121,AUT_Шалина,Directed,cites,1
ART_121,AUT_Павлова,Directed,cites,1
ART_121,AUT_Таюрская,Directed,cites,1
ART_121,AUT_Соколова,Directed,cites,1
ART_121,AUT_Жеребцова,Directed,cites,1
ART_121,AUT_Зинченко,Directed,cites,1
ART_121,AUT_Вылегжанина,Directed,cites,1
ART_121,AUT_Овешкова,Directed,cites,1
ART_121,AUT_Калачева,Directed,cites,1
ART_121,AUT_Рядовых,Directed,cites,1
ART_121,AUT_Юшкова,Directed,cites,1
ART_121,AUT_Михайлова,Directed,cites,1
ART_121,AUT_Бедрина,Directed,cites,1
ART_121,AUT_Шаповалова,Directed,cites,1
ART_121,AUT_Чиханова,Directed,cites,1
ART_121,AUT_Бодрова,Directed,cites,1
ART_121,AUT_Есионова,Directed,cites,1
ART_121,AUT_Селькова,Directed,cites,1
ART_121,AUT_Черняк,Directed,cites,1
ART_121,AUT_Ходенкова,Directed,cites,1
ART_121,AUT_Воробьева,Directed,cites,1
ART_121,AUT_Сидорова,Directed,cites,1
ART_121,AUT_Доронина,Directed,cites,1
ART_121,AUT_Плужник,Directed,cites,1
ART_121,AUT_Яковлева,Directed,cites,1
ART_121,AUT_Козырев,Directed,cites,1
ART_121,AUT_Боровкова,Directed,cites,1
ART_121,AUT_Чжан,Directed,cites,1
ART_121,AUT_Рябова,Directed,cites,1
ART_121,AUT_Минасова,Directed,cites,1
ART_122,AUT_Городова,Directed,cites,1
ART_122,AUT_Добрикова,Directed,cites,1
ART_122,AUT_Липатова,Directed,cites,1
ART_122,AUT_Голами,Directed,cites,1
ART_122,AUT_Тоцкая,Directed,cites,1
ART_122,AUT_Милосердова,Directed,cites,1
ART_122,AUT_Леонова,Directed,cites,1
ART_122,AUT_Богатырева,Directed,cites,1
ART_122,AUT_Чернышева,Directed,cites,1
ART_122,AUT_Бейги,Directed,cites,1
ART_122,AUT_Мамбетов,Directed,cites,1
ART_122,AUT_Лавриненко,Directed,cites,1
ART_122,AUT_Павловская,Directed,cites,1
ART_122,AUT_Хрисанова,Directed,cites,1
ART_122,AUT_Ганина,Directed,cites,1
ART_122,AUT_Пулаки,Directed,cites,1
ART_122,AUT_Ходжаева,Directed,cites,1
ART_122,AUT_Шишкин,Directed,cites,1
ART_122,AUT_Хэ,Directed,cites,1
ART_122,AUT_Яньли,Directed,cites,1
ART_122,AUT_Минасова,Directed,cites,1
ART_122,AUT_Тен,Directed,cites,1
ART_122,AUT_Гаркуша,Directed,cites,1
ART_122,AUT_Тулина,Directed,cites,1
ART_122,AUT_Самородова,Directed,cites,1
ART_122,AUT_Артамонова,Directed,cites,1
ART_122,AUT_Недоспасова,Directed,cites,1
ART_123,AUT_Питерова,Directed,cites,1
ART_123,AUT_Латухина,Directed,cites,1
ART_123,AUT_Морарь,Directed,cites,1
ART_123,AUT_Тамбовкина,Directed,cites,1
ART_123,AUT_Дзюба,Directed,cites,1
ART_123,AUT_Исаева,Directed,cites,1
ART_123,AUT_Ковалева,Directed,cites,1
ART_123,AUT_Затинацкая,Directed,cites,1
ART_123,AUT_Азимов,Directed,cites,1
ART_123,AUT_Коннова,Directed,cites,1
ART_123,AUT_Храпова,Directed,cites,1
ART_123,AUT_Воронцова,Directed,cites,1
ART_123,AUT_Ворохобов,Directed,cites,1
ART_123,AUT_Голомидова,Directed,cites,1
ART_123,AUT_Ильченко,Directed,cites,1
ART_123,AUT_Селиверстова,Directed,cites,1
ART_123,AUT_Гришина,Directed,cites,1
ART_123,AUT_Пчелякова,Directed,cites,1
ART_123,AUT_Сысоева,Directed,cites,1
ART_123,AUT_Храброва,Directed,cites,1
ART_123,AUT_Воронина,Directed,cites,1
ART_123,AUT_Плисов,Directed,cites,1
ART_123,AUT_Сафонова,Directed,cites,1
ART_123,AUT_Насырова,Directed,cites,1
ART_123,AUT_Маринина,Directed,cites,1
ART_123,AUT_Баранова,Directed,cites,1
ART_123,AUT_Башарова,Directed,cites,1
ART_123,AUT_Язецкий,Directed,cites,1
ART_123,AUT_Карандашов,Directed,cites,1
ART_123,AUT_Алехин,Directed,cites,1
ART_123,AUT_Фисханова,Directed,cites,1
ART_123,AUT_Еременко,Directed,cites,1
ART_123,AUT_Степанова,Directed,cites,1
ART_123,AUT_Ефимова,Directed,cites,1
ART_123,AUT_Пантелеев,Directed,cites,1
ART_123,AUT_Шульгина,Directed,cites,1
ART_123,AUT_Куликова,Directed,cites,1
ART_123,AUT_Щукин,Directed,cites,1
ART_123,AUT_Амелина,Directed,cites,1
ART_123,AUT_Семенова,Directed,cites,1
ART_123,AUT_Фархетдинова,Directed,cites,1
ART_123,AUT_Нефедов,Directed,cites,1
ART_123,AUT_Зимовина,Directed,cites,1
ART_123,AUT_Выхованец,Directed,cites,1
ART_123,AUT_Матвеева,Directed,cites,1
ART_123,AUT_Ятманов,Directed,cites,1
ART_124,AUT_Ведикер,Directed,cites,1
ART_124,AUT_Гаврилова,Directed,cites,1
ART_124,AUT_Аристова,Directed,cites,1
ART_124,AUT_Воронович,Directed,cites,1
ART_124,AUT_Поспелов,Directed,cites,1
ART_124,AUT_Рапопорт,Directed,cites,1
ART_124,AUT_Безносюк,Directed,cites,1
ART_124,AUT_Сивец,Directed,cites,1
ART_124,AUT_Аверкин,Directed,cites,1
ART_125,AUT_Грачева,Directed,cites,1
ART_126,AUT_Аксенова,Directed,cites,1
ART_126,AUT_Кузнецова,Directed,cites,1
ART_126,AUT_Патрушева,Directed,cites,1
ART_126,AUT_Ковтун,Directed,cites,1
ART_127,AUT_Моргун,Directed,cites,1
ART_127,AUT_Сидорова,Directed,cites,1
ART_127,AUT_Плотникова,Directed,cites,1
ART_127,AUT_Букин,Directed,cites,1
ART_127,AUT_Игнатьева,Directed,cites,1
ART_127,AUT_Башкина,Directed,cites,1
ART_127,AUT_Александрова,Directed,cites,1
ART_127,AUT_Обухова,Directed,cites,1
ART_127,AUT_Кайси,Directed,cites,1
ART_127,AUT_Лебедева,Directed,cites,1
ART_127,AUT_Богданова,Directed,cites,1
ART_127,AUT_Коган,Directed,cites,1
ART_127,AUT_Родионова,Directed,cites,1
ART_127,AUT_Архангельская,Directed,cites,1
ART_127,AUT_Лапошина,Directed,cites,1
ART_127,AUT_Чернышев,Directed,cites,1
ART_127,AUT_Писарь,Directed,cites,1
ART_129,AUT_Моргун,Directed,cites,1
ART_129,AUT_Кайси,Directed,cites,1
ART_129,AUT_Архангельская,Directed,cites,1
ART_129,AUT_Биккулова,Directed,cites,1
ART_129,AUT_Патрушева,Directed,cites,1
ART_130,AUT_Дорофеев,Directed,cites,1
ART_131,AUT_Киров,Directed,cites,1
ART_131,AUT_Крюгер,Directed,cites,1
ART_131,AUT_Андреев,Directed,cites,1
ART_132,AUT_Исмаилова,Directed,cites,1
ART_133,AUT_Костюнина,Directed,cites,1
ART_133,AUT_Акифи,Directed,cites,1
ART_134,AUT_Котане,Directed,cites,1
ART_134,AUT_Патрушева,Directed,cites,1
ART_134,AUT_Гладков,Directed,cites,1
ART_134,AUT_Ковтун,Directed,cites,1
ART_135,AUT_Гуляев,Directed,cites,1
ART_135,AUT_Константинова,Directed,cites,1
ART_135,AUT_Мирошникова,Directed,cites,1
ART_135,AUT_Сысоев,Directed,cites,1
ART_135,AUT_Коротышев,Directed,cites,1
ART_135,AUT_Кулибина,Directed,cites,1
ART_137,AUT_Романова,Directed,cites,1
ART_137,AUT_Беляев,Directed,cites,1
ART_137,AUT_Кондратьева,Directed,cites,1
ART_137,AUT_Амелина,Directed,cites,1
ART_137,AUT_Калужских,Directed,cites,1
ART_137,AUT_Белоусенко,Directed,cites,1
ART_137,AUT_Коковина,Directed,cites,1
ART_137,AUT_Стародубцева,Directed,cites,1
ART_137,AUT_Ковалева,Directed,cites,1
ART_137,AUT_Самофалова,Directed,cites,1
ART_137,AUT_Степанова,Directed,cites,1
ART_138,AUT_Болотов,Directed,cites,1
ART_138,AUT_Резаев,Directed,cites,1
ART_138,AUT_Трегубова,Directed,cites,1
ART_139,AUT_Доненко,Directed,cites,1
ART_141,AUT_Киров,Directed,cites,1
ART_141,AUT_Крюгер,Directed,cites,1
ART_141,AUT_Андреев,Directed,cites,1
ART_142,AUT_Сулейменова,Directed,cites,1
ART_142,AUT_Шаймерденова,Directed,cites,1
ART_142,AUT_Зализняк,Directed,cites,1
ART_142,AUT_Аканова,Directed,cites,1
ART_142,AUT_Сон,Directed,cites,1
ART_143,AUT_Мушкова,Directed,cites,1
ART_143,AUT_Дороничев,Directed,cites,1
ART_143,AUT_Сычев,Directed,cites,1
ART_143,AUT_Черникова,Directed,cites,1
ART_143,AUT_Джурабоев,Directed,cites,1
ART_143,AUT_Витвицкая,Directed,cites,1
ART_143,AUT_Прохоров,Directed,cites,1
ART_143,AUT_Гапочкин,Directed,cites,1
ART_143,AUT_Насыров,Directed,cites,1
ART_143,AUT_Ахметшин,Directed,cites,1
ART_143,AUT_Михайлюк,Directed,cites,1
ART_143,AUT_Кобилов,Directed,cites,1
ART_143,AUT_Стрелец,Directed,cites,1
ART_144,AUT_Киров,Directed,cites,1
ART_144,AUT_Крюгер,Directed,cites,1
ART_144,AUT_Андреев,Directed,cites,1
ART_145,AUT_Моргун,Directed,cites,1
ART_145,AUT_Кайси,Directed,cites,1
ART_145,AUT_Колесникова,Directed,cites,1
ART_145,AUT_Верещагина,Directed,cites,1
ART_145,AUT_Архангельская,Directed,cites,1
ART_145,AUT_Фоминова,Directed,cites,1
ART_145,AUT_Рудниченко,Directed,cites,1
ART_146,AUT_Блинов,Directed,cites,1
ART_146,AUT_Маслов,Directed,cites,1
ART_146,AUT_Сергеев,Directed,cites,1
ART_146,AUT_Игумнова,Directed,cites,1
ART_146,AUT_Ивкина,Directed,cites,1
ART_146,AUT_Ельникова,Directed,cites,1
ART_146,AUT_Борисов,Directed,cites,1
ART_146,AUT_Билалова,Directed,cites,1
ART_146,AUT_Абазова,Directed,cites,1
ART_146,AUT_Евдокимова,Directed,cites,1
ART_146,AUT_Шитова,Directed,cites,1
ART_146,AUT_Джанхотова,Directed,cites,1
ART_146,AUT_Савочкина,Directed,cites,1
ART_146,AUT_Полат,Directed,cites,1
ART_146,AUT_Дулинов,Directed,cites,1
ART_146,AUT_Азимов,Directed,cites,1
ART_146,AUT_Гончарова,Directed,cites,1
ART_146,AUT_Гаевская,Directed,cites,1
ART_146,AUT_Жаринов,Directed,cites,1
ART_146,AUT_Адясова,Directed,cites,1
ART_146,AUT_Кочесокова,Directed,cites,1
ART_146,AUT_Биккулова,Directed,cites,1
ART_146,AUT_Самосенкова,Directed,cites,1
ART_146,AUT_Щукин,Directed,cites,1
ART_146,AUT_Павлюк,Directed,cites,1
ART_146,AUT_Андреев,Directed,cites,1
ART_146,AUT_Бузаева,Directed,cites,1
ART_146,AUT_Пашковская,Directed,cites,1
ART_146,AUT_Есенина,Directed,cites,1
ART_146,AUT_Грязнова,Directed,cites,1
ART_146,AUT_Сысоева,Directed,cites,1
ART_147,AUT_Моргун,Directed,cites,1
ART_147,AUT_Кожевникова,Directed,cites,1
ART_147,AUT_Никитин,Directed,cites,1
ART_147,AUT_Пшеничный,Directed,cites,1
ART_147,AUT_Карлос,Directed,cites,1
ART_147,AUT_Ельникова,Directed,cites,1
ART_147,AUT_Кайси,Directed,cites,1
ART_147,AUT_Колин,Directed,cites,1
ART_147,AUT_Архангельская,Directed,cites,1
ART_147,AUT_Кузнецов,Directed,cites,1
ART_147,AUT_Хорошилов,Directed,cites,1
ART_148,AUT_Плотникова,Directed,cites,1
ART_148,AUT_Орлов,Directed,cites,1
ART_148,AUT_Зорина,Directed,cites,1
ART_148,AUT_Жижикова,Directed,cites,1
ART_148,AUT_Сорокина,Directed,cites,1
ART_148,AUT_Колобаева,Directed,cites,1
ART_148,AUT_Жильцов,Directed,cites,1
ART_148,AUT_Моргунова,Directed,cites,1
ART_148,AUT_Петанова,Directed,cites,1
ART_148,AUT_Коваленко,Directed,cites,1
ART_148,AUT_Карпенко,Directed,cites,1
ART_148,AUT_Абрамова,Directed,cites,1
ART_149,AUT_Ферт,Directed,cites,1
ART_149,AUT_Сафонова,Directed,cites,1
ART_149,AUT_Артамонов,Directed,cites,1
ART_149,AUT_Черникова,Directed,cites,1
ART_149,AUT_Губин,Directed,cites,1
ART_149,AUT_Азимов,Directed,cites,1
ART_150,AUT_Ломако,Directed,cites,1
ART_150,AUT_Петрова,Directed,cites,1
ART_151,AUT_Плотникова,Directed,cites,1
ART_151,AUT_Орлов,Directed,cites,1
ART_151,AUT_Зорина,Directed,cites,1
ART_151,AUT_Жижикова,Directed,cites,1
ART_151,AUT_Сорокина,Directed,cites,1
ART_151,AUT_Колобаева,Directed,cites,1
ART_151,AUT_Жильцов,Directed,cites,1
ART_151,AUT_Моргунова,Directed,cites,1
ART_151,AUT_Петанова,Directed,cites,1
ART_151,AUT_Коваленко,Directed,cites,1
ART_151,AUT_Карпенко,Directed,cites,1
ART_151,AUT_Абрамова,Directed,cites,1
ART_152,AUT_Моргун,Directed,cites,1
ART_152,AUT_Ратников,Directed,cites,1
ART_152,AUT_Верещагина,Directed,cites,1
ART_152,AUT_Чафонова,Directed,cites,1
ART_152,AUT_Фоминова,Directed,cites,1
ART_152,AUT_Кайси,Directed,cites,1
ART_152,AUT_Колесникова,Directed,cites,1
ART_152,AUT_Архангельская,Directed,cites,1
ART_152,AUT_Рудниченко,Directed,cites,1
ART_153,AUT_Бабенкова,Directed,cites,1
ART_153,AUT_Есионова,Directed,cites,1
ART_153,AUT_Ивкина,Directed,cites,1
ART_153,AUT_Биккулова,Directed,cites,1
ART_153,AUT_Будникова,Directed,cites,1
AUT_Белоглазов А.А.,AUT_Соколова Н.В.,Undirected,coauthor,2
AUT_Белоглазов А.А.,AUT_Гализина Е.Г.,Undirected,coauthor,2
AUT_Белоглазов А.А.,AUT_Денисова О.И.,Undirected,coauthor,2
AUT_Гализина Е.Г.,AUT_Соколова Н.В.,Undirected,coauthor,2
AUT_Денисова О.И.,AUT_Соколова Н.В.,Undirected,coauthor,2
AUT_Гализина Е.Г.,AUT_Денисова О.И.,Undirected,coauthor,2
AUT_Ковалёв Н.С.,AUT_Пирнепесова Г.Н.,Undirected,coauthor,1
AUT_Будаева Л.,AUT_Буторина Н.,Undirected,coauthor,2
AUT_Исаева Л.Р.,AUT_Шестакова Е.В.,Undirected,coauthor,1
AUT_Киреева И.А.,AUT_Лю Ч.Ю.,Undirected,coauthor,1
AUT_Лю Ч.Ю.,AUT_Пашковская Н.Д.,Undirected,coauthor,1
AUT_Киреева И.А.,AUT_Пашковская Н.Д.,Undirected,coauthor,1
AUT_Калашникова М.А.,AUT_Темиргалеева М.М.,Undirected,coauthor,1
AUT_Арекеева Ю.Е.,AUT_Бедненко Ю.И.,Undirected,coauthor,1
AUT_Оздемир Е.Н.,AUT_Сергеева О.В.,Undirected,coauthor,1
AUT_Идиатуллина Л.Т.,AUT_Сафина Г.Ф.,Undirected,coauthor,1
AUT_Идиатуллин А.В.,AUT_Идиатуллина Л.Т.,Undirected,coauthor,1
AUT_Идиатуллин А.В.,AUT_Сафина Г.Ф.,Undirected,coauthor,1
AUT_Можеевская А.Е.,AUT_Хайруллина М.В.,Undirected,coauthor,2
AUT_Ешекенева А.К.,AUT_Яворская Э.Э.,Undirected,coauthor,1
AUT_Зенченко А.Д.,AUT_Смирнова С.И.,Undirected,coauthor,1
AUT_Казанцев В.К.,AUT_Смирнова С.И.,Undirected,coauthor,1
AUT_Зенченко А.Д.,AUT_Казанцев В.К.,Undirected,coauthor,1
AUT_Погосова Е.В.,AUT_Смирнова С.И.,Undirected,coauthor,1
AUT_Галкина А.А.,AUT_Смирнова С.И.,Undirected,coauthor,1
AUT_Галкина А.А.,AUT_Погосова Е.В.,Undirected,coauthor,1
AUT_Пыхарев В.А.,AUT_Смирнова С.И.,Undirected,coauthor,1
AUT_Смирнова С.И.,AUT_Холенко О.Е.,Undirected,coauthor,1
AUT_Пыхарев В.А.,AUT_Холенко О.Е.,Undirected,coauthor,1
AUT_Косарева З.С.,AUT_Островский А.Г.,Undirected,coauthor,1
AUT_Богатырёв А.А.,AUT_Косарева З.С.,Undirected,coauthor,1
AUT_Богатырёв А.А.,AUT_Островский А.Г.,Undirected,coauthor,1
AUT_Петрова Н.Е.,AUT_Сычёва Е.С.,Undirected,coauthor,1
AUT_Гусельникова М.Л.,AUT_Усова В.А.,Undirected,coauthor,2
AUT_Сысоев П.В.,AUT_Филатов Е.М.,Undirected,coauthor,1
AUT_Бирюкова Ю.Н.,AUT_Карабанова Е.Н.,Undirected,coauthor,1
AUT_Погорелова И.Ю.,AUT_Савченко Т.Д.,Undirected,coauthor,1
AUT_Овчинникова Л.О.,AUT_Писарь Н.В.,Undirected,coauthor,1
AUT_Дронова А.Л.,AUT_Писарь Н.В.,Undirected,coauthor,1
AUT_Дронова А.Л.,AUT_Овчинникова Л.О.,Undirected,coauthor,1
AUT_Козловская Е.С.,AUT_Тупикова М.В.,Undirected,coauthor,2
AUT_Козловская Е.С.,AUT_Немыка А.А.,Undirected,coauthor,2
AUT_Немыка А.А.,AUT_Тупикова М.В.,Undirected,coauthor,2
AUT_Копылова П.А.,AUT_Петрова М.Г.,Undirected,coauthor,1
AUT_Матухин П.Г.,AUT_Петрова М.Г.,Undirected,coauthor,1
AUT_Петров Г.П.,AUT_Петрова М.Г.,Undirected,coauthor,1
AUT_Копылова П.А.,AUT_Матухин П.Г.,Undirected,coauthor,2
AUT_Копылова П.А.,AUT_Петров Г.П.,Undirected,coauthor,1
AUT_Матухин П.Г.,AUT_Петров Г.П.,Undirected,coauthor,1
AUT_Пуляевская А.М.,AUT_Семенова Н.В.,Undirected,coauthor,1
AUT_Гаврилова М.В.,AUT_Дронова А.Л.,Undirected,coauthor,1
AUT_Аннатаганова О.,AUT_Мередова А.,Undirected,coauthor,1
AUT_Мередова А.,AUT_Черкезова С.,Undirected,coauthor,1
AUT_Аннатаганова О.,AUT_Черкезова С.,Undirected,coauthor,1
AUT_Нерсисян К.А.,AUT_Федотова Н.Л.,Undirected,coauthor,1
AUT_Кононенко А.П.,AUT_Недоспасова Л.А.,Undirected,coauthor,1
AUT_Барашян В.К.,AUT_Недоспасова Л.А.,Undirected,coauthor,1
AUT_Барашян В.К.,AUT_Кононенко А.П.,Undirected,coauthor,1
AUT_Желтова Е.П.,AUT_Маршева Н.В.,Undirected,coauthor,1
AUT_Афанасьева Н.Д.,AUT_Васильева А.А.,Undirected,coauthor,1
AUT_Иванищева О.Н.,AUT_Лян М.,Undirected,coauthor,1
AUT_Москвитина Т.Н.,AUT_Юздова Л.П.,Undirected,coauthor,1
AUT_Баландина И.Д.,AUT_Юздова Л.П.,Undirected,coauthor,1
AUT_Баландина И.Д.,AUT_Москвитина Т.Н.,Undirected,coauthor,1
AUT_Донина О.В.,AUT_Рафаэльян В.А.,Undirected,coauthor,4
AUT_Дзюба Е.В.,AUT_Кучумова Е.В.,Undirected,coauthor,1
AUT_Дзюба Е.В.,AUT_Колесник И.И.,Undirected,coauthor,1
AUT_Колесник И.И.,AUT_Кучумова Е.В.,Undirected,coauthor,1
AUT_Саракаева Э.А.,AUT_Чжоу Л.,Undirected,coauthor,1
AUT_Барышникова Е.Н.,AUT_Латышева А.В.,Undirected,coauthor,1
AUT_Адашкевич И.В.,AUT_Кислик Н.В.,Undirected,coauthor,1
AUT_Грачева О.А.,AUT_Новоселова Н.В.,Undirected,coauthor,2
AUT_Андреева Е.Г.,AUT_Белопухова А.М.,Undirected,coauthor,1
AUT_Богомолов А.Н.,AUT_Дунаева Л.А.,Undirected,coauthor,3
AUT_Дзюба Е.В.,AUT_Еремина С.А.,Undirected,coauthor,1
AUT_Еремина С.А.,AUT_Мушенко Е.В.,Undirected,coauthor,1
AUT_Дзюба Е.В.,AUT_Мушенко Е.В.,Undirected,coauthor,1
AUT_Писарь Н.В.,AUT_Юрасюк Н.В.,Undirected,coauthor,1
AUT_Ремболович Ж.В.,AUT_Юрасюк Н.В.,Undirected,coauthor,1
AUT_Писарь Н.В.,AUT_Ремболович Ж.В.,Undirected,coauthor,1
AUT_Воробьева Н.А.,AUT_Юшкова Н.А.,Undirected,coauthor,1
AUT_Латухина А.Л.,AUT_Маринина Ю.А.,Undirected,coauthor,1
AUT_Маринина Ю.А.,AUT_Савант Р.,Undirected,coauthor,1
AUT_Латухина А.Л.,AUT_Савант Р.,Undirected,coauthor,1
AUT_Исмаилова Х.Э.,AUT_Копылова П.А.,Undirected,coauthor,1
AUT_Исмаилова Х.Э.,AUT_Матухин П.Г.,Undirected,coauthor,1
AUT_Амелина И.О.,AUT_Эрнандес Я.Д.,Undirected,coauthor,1
AUT_Чалова О.В.,AUT_Шамсидинова М.К.,Undirected,coauthor,1
AUT_Донина О.В.,AUT_Рафаэльян В.,Undirected,coauthor,1
AUT_Витвицкая О.В.,AUT_Мушкова В.В.,Undirected,coauthor,1
AUT_Кузнецова А.А.,AUT_Толкачева Н.Н.,Undirected,coauthor,1
AUT_Аксенова Е.Д.,AUT_Кузнецова А.А.,Undirected,coauthor,1
AUT_Кузнецова А.А.,AUT_Ткачева Р.А.,Undirected,coauthor,1
AUT_Кузнецова А.А.,AUT_Михайлова Н.Д.,Undirected,coauthor,1
AUT_Аксенова Е.Д.,AUT_Толкачева Н.Н.,Undirected,coauthor,1
AUT_Ткачева Р.А.,AUT_Толкачева Н.Н.,Undirected,coauthor,1
AUT_Михайлова Н.Д.,AUT_Толкачева Н.Н.,Undirected,coauthor,1
AUT_Аксенова Е.Д.,AUT_Ткачева Р.А.,Undirected,coauthor,1
AUT_Аксенова Е.Д.,AUT_Михайлова Н.Д.,Undirected,coauthor,1
AUT_Михайлова Н.Д.,AUT_Ткачева Р.А.,Undirected,coauthor,1
AUT_Абазова Л.М.,AUT_Кочесокова М.П.,Undirected,coauthor,1
AUT_Абазова Л.М.,AUT_Гутаева Ж.Ж.,Undirected,coauthor,1
AUT_Абазова Л.М.,AUT_Татарова Р.Х.,Undirected,coauthor,1
AUT_Гутаева Ж.Ж.,AUT_Кочесокова М.П.,Undirected,coauthor,1
AUT_Кочесокова М.П.,AUT_Татарова Р.Х.,Undirected,coauthor,1
AUT_Гутаева Ж.Ж.,AUT_Татарова Р.Х.,Undirected,coauthor,1
AUT_Гладков Ю.П.,AUT_Ковтун Л.В.,Undirected,coauthor,1
AUT_Кудрявцева З.Г.,AUT_Чусова К.В.,Undirected,coauthor,1
AUT_Гумерова А.М.,AUT_Кудрявцева З.Г.,Undirected,coauthor,1
AUT_Гумерова А.М.,AUT_Чусова К.В.,Undirected,coauthor,1
