Id,Label,Type,Authors
ART_1,ИННОВАЦИОННЫЕ ПОДХОДЫ К АДАПТИВНОМУ ОБУЧЕНИЮ ЛЕКСИ,Article,
ART_2,Статья_2,Article,
ART_3,ЭФФЕКТИВНОСТЬ ИСПОЛЬЗОВАНИЯ РОЛЕВЫХ ИГР КАК МЕТОДА,Article,"Соколова Н.В., Белоглазов А.А., Гализина Е.Г., Денисова О.И."
ART_4,ИССЛЕДОВАНИЕ ПО ПРИМЕНЕНИЮ ТЕХНОЛОГИИ ИИ В ПРЕПОДА,Article,Фань С.
ART_5,СОВРЕМЕННЫЕ ТЕХНОЛОГИИ ПРЕПОДАВАНИЯ РУССКОГО ЯЗЫКА,Article,"Пирнепесова Г.Н., Ковалёв Н.С."
ART_6,ИННОВАЦИОННЫЕ ТЕХНОЛОГИИ В ОБУЧЕНИИ РУССКОМУ ЯЗЫКУ,Article,Крымова Л.Р.
ART_7,ПРАКТИКА СОЧЕТАНИЯ ИСКУССТВЕННОГО ИНТЕЛЛЕКТА С ИДЕ,Article,Ли С.
ART_8,ИСПОЛЬЗОВАНИЕ ИСКУССТВЕННОГО ИНТЕЛЛЕКТА В РАБОТЕ У,Article,Федосенко Е.
ART_9,ИСКУССТВЕННЫЙ ИНТЕЛЛЕКТ ДЛЯ СОЗДАНИЯ ДИДАКТИЧЕСКИХ,Article,"Буторина Н., Будаева Л."
ART_10,ПРАКТИКА ИСПОЛЬЗОВАНИЯ ИСКУССТВЕННОГО ИНТЕЛЛЕКТА В,Article,"Исаева Л.Р., Шестакова Е.В."
ART_11,МЕТОДИЧЕСКИЕ УСЛОВИЯ ПРИМЕНЕНИЯ ИСКУССТВЕННОГО ИНТ,Article,Гнеушева А.Л.
ART_12,МЕТОДИЧЕСКИЕ ПРИЕМЫ В ОБУЧЕНИИ КИТАЙСКИХ СТУДЕНТОВ,Article,"Пашковская Н.Д., Киреева И.А., Лю Ч.Ю."
ART_13,ПРИМЕНЕНИЕ ИСКУССТВЕННОГО ИНТЕЛЛЕКТА (ИИ) В ОБУЧЕН,Article,"Калашникова М.А., Темиргалеева М.М."
ART_14,ИСПОЛЬЗОВАНИЕ ИСКУССТВЕННОГО ИНТЕЛЛЕКТА В РАБОТЕ У,Article,Федосенко Е.
ART_15,ИСКУССТВЕННЫЙ ИНТЕЛЛЕКТ ДЛЯ СОЗДАНИЯ ДИДАКТИЧЕСКИХ,Article,"Буторина Н., Будаева Л."
ART_16,ИННОВАЦИОННЫЕ ТЕХНОЛОГИИ В ОБУЧЕНИИ РУССКОМУ ЯЗЫКУ,Article,Крымова Л.Р.
ART_17,ПОНЯТИЕ И СТРУКТУРА УСТНО-РЕЧЕВЫХ УМЕНИЙ ПРИ ИСПОЛ,Article,Крымова Л.Р.
ART_18,ИННОВАЦИОННЫЕ ПОДХОДЫ К АДАПТИВНОМУ ОБУЧЕНИЮ ЛЕКСИ,Article,Гапоненко К.Р.
ART_19,ПРИМЕНЕНИЕ ЧАТ-БОТОВ ПРИ ИЗУЧЕНИИ РУССКОГО ЯЗЫКА К,Article,Иванищева О.Н.
ART_20,ЭФФЕКТИВНОСТЬ ИСПОЛЬЗОВАНИЯ РОЛЕВЫХ ИГР КАК МЕТОДА,Article,"Соколова Н.В., Белоглазов А.А., Гализина Е.Г., Денисова О.И."
ART_21,ОСОБЕННОСТИ МЕТОДИЧЕСКОГО ОБЕСПЕЧЕНИЯ НА ЭТАПЕ ВНЕ,Article,Байчорова Х.С.
ART_22,ПРАКТИКА СОЧЕТАНИЯ ИСКУССТВЕННОГО ИНТЕЛЛЕКТА С ИДЕ,Article,Ли С.
ART_23,"РЕПРЕЗЕНТАЦИЯ КОНЦЕПТА ""人工智能 / ИСКУССТВЕННЫЙ ИНТЕЛ",Article,"Арекеева Ю.Е., Бедненко Ю.И."
ART_24,ИСПОЛЬЗОВАНИЕ ИСКУССТВЕННОГО ИНТЕЛЛЕКТА В ПРЕПОДАВ,Article,"Сергеева О.В., Оздемир Е.Н."
ART_25,ИСПОЛЬЗОВАНИЕ ИСКУССТВЕННОГО ИНТЕЛЛЕКТА В ПРЕПОДАВ,Article,"Идиатуллина Л.Т., Идиатуллин А.В., Сафина Г.Ф."
ART_26,ВОЗМОЖНОСТИ ИСКУССТВЕННОГО ИНТЕЛЛЕКТА НА УРОКЕ РУС,Article,Денисултанова В.Д.
ART_27,ПРИМЕНЕНИЕ ИСКУССТВЕННОГО ИНТЕЛЛЕКТА ПРИ ОБУЧЕНИИ ,Article,"Можеевская А.Е., Хайруллина М.В."
ART_28,ГЕЙМИФИКАЦИЯ И ИСКУССТВЕННЫЙ ИНТЕЛЛЕКТ В ПРОЦЕССЕ ,Article,"Ешекенева А.К., Яворская Э.Э."
ART_29,ТЕХНОЛОГИИ ИСКУССТВЕННОГО ИНТЕЛЛЕКТА: ОПТИМИЗАЦИЯ ,Article,"Можеевская А.Е., Хайруллина М.В."
ART_30,ЦИФРОВЫЕ ТЕХНОЛОГИИ И ТЕХНОЛОГИИ ИСКУССТВЕННОГО ИН,Article,"Казанцев В.К., Зенченко А.Д., Смирнова С.И."
ART_31,ЦИФРОВЫЕ ТЕХНОЛОГИИ И ТЕХНОЛОГИИ ИСКУССТВЕННОГО ИН,Article,"Погосова Е.В., Галкина А.А., Смирнова С.И."
ART_32,ЦИФРОВЫЕ ТЕХНОЛОГИИ И ТЕХНОЛОГИИ ИСКУССТВЕННОГО ИН,Article,"Пыхарев В.А., Холенко О.Е., Смирнова С.И."
ART_33,МЕТОДИЧЕСКАЯ АДАПТАЦИЯ ТЕКСТОВ С ПОМОЩЬЮ ИСКУССТВЕ,Article,"Островский А.Г., Косарева З.С., Богатырёв А.А."
ART_34,ТЕХНОЛОГИИ ИСКУСТВЕННОГО ИНТЕЛЛЕКТА КАК СРЕДСТВА А,Article,"Петрова Н.Е., Сычёва Е.С."
ART_35,СОВЕРШЕНСТВОВАНИЕ СЛУХОПРОИЗНОСИТЕЛЬНЫХ НАВЫКОВ НА,Article,Гаврикова Э.О.
ART_36,ВИРТУАЛЬНАЯ ДОМАШНЯЯ РАБОТА В SPATIAL: МИФ ИЛИ РЕА,Article,Плеханова Е.А.
ART_37,ПРЕПОДАВАНИЕ РУССКОГО ЯЗЫКА В КОНТЕКСТЕ ИСКУССТВЕН,Article,Го Д.Н.
ART_38,ИСКУССТВЕННЫЙ ИНТЕЛЛЕКТ КАК ИНСТРУМЕНТ ПРИ ВЫПОЛНЕ,Article,Дрейфельд О.В.
ART_39,РАЗВИТИЕ КРИТИЧЕСКОГО МЫШЛЕНИЯ ОБУЧАЮЩИХСЯ-ИНОФОНО,Article,Авдеева Н.П.
ART_40,УЧЕТ ЭТНОКУЛЬТУРНЫХ ОСОБЕННОСТЕЙ СТУДЕНТОВ ИЗ МУСУ,Article,
ART_41,ПЕРСПЕКТИВЫ ТЕХНОЛОГИЙ НЕЙРОСЕТИ И ИСКУССТВЕННОГО ,Article,"Усова В.А., Гусельникова М.Л."
ART_42,МЕТОДИКА ПРИМЕНЕНИЯ CHATGPT ПРИ ОБУЧЕНИИ СТИЛИСТИК,Article,Козловцева Н.А.
ART_43,ТЕХНОЛОГИИ ИСКУССТВЕННОГО ИНТЕЛЛЕКТА В ОБУЧЕНИИ РУ,Article,"Сысоев П.В., Филатов Е.М."
ART_44,НЕЙРОСЕТИ НА СЛУЖБЕ ПРЕПОДАВАТЕЛЯ РКИ,Article,Давудова М.О.
ART_45,РЕАЛИЗАЦИЯ МЕТОДИЧЕСКОГО ПОТЕНЦИАЛА ТЕХНОЛОГИЙ ИИ ,Article,"Бирюкова Ю.Н., Карабанова Е.Н."
ART_46,ИСКУССТВЕННЫЙ ИНТЕЛЛЕКТ В ОБУЧЕНИИ ИНОСТРАННЫМ ЯЗЫ,Article,Шейтанова Н.
ART_47,МЕТОДИЧЕСКИЙ ПОТЕНЦИАЛ ИСПОЛЬЗОВАНИЯ CHATGPT В ОБУ,Article,Козловцева Н.А.
ART_48,"АНАЛИЗ КОММУНИКАТИВНЫХ СИТУАЦИЙ ""ЗНАКОМСТВО"" И ""У ",Article,Прощенко А.Ю.
ART_49,ТЕХНОЛОГИИ ПРИМЕНЕНИЯ ИСКУССТВЕННОГО ИНТЕЛЛЕКТА В ,Article,"Погорелова И.Ю., Савченко Т.Д."
ART_50,ПРОЕКТНАЯ ДЕЯТЕЛЬНОСТЬ С ИСПОЛЬЗОВАНИЕМ КРЕАТИВНЫХ,Article,"Дронова А.Л., Овчинникова Л.О., Писарь Н.В."
ART_51,МЕТОДИЧЕСКИЙ ПОТЕНЦИАЛ ИСПОЛЬЗОВАНИЯ CHATGPT В ОБУ,Article,Козловцева Н.А.
ART_52,ИСКУССТВЕННЫЙ ИНТЕЛЛЕКТ В ПРАКТИКЕ ПРЕПОДАВАНИЯ РУ,Article,"Немыка А.А., Тупикова М.В., Козловская Е.С."
ART_53,ОЦЕНКА ЭФФЕКТИВНОСТИ ИСКУССТВЕННОГО ИНТЕЛЛЕКТА В П,Article,Тогумбетова Ж.
ART_54,"СТРУКТУРА ИНФОРМАЦИОННОЙ СИСТЕМЫ МАСТЕР-КЛАССА ""ПР",Article,"Матухин П.Г., Петрова М.Г., Копылова П.А., Петров Г.П."
ART_55,ПОТЕНЦИАЛ ЦИФРОВЫХ СЕРВИСОВ НА БАЗЕ ИСКУССТВЕННОГО,Article,"Семенова Н.В., Пуляевская А.М."
ART_56,ИСКУССТВЕННЫЙ ИНТЕЛЛЕКТ В ПРАКТИКЕ ПРЕПОДАВАНИЯ РУ,Article,"Немыка А.А., Тупикова М.В., Козловская Е.С."
ART_57,ПРИМЕНЕНИЕ ИСКУССТВЕННОГО ИНТЕЛЛЕКТА В ОБУЧЕНИИ ПИ,Article,Хоанг Т.Х.
ART_58,ИСКУССТВЕННЫЙ ИНТЕЛЛЕКТ КАК СРЕДСТВА КОРРЕКТИРУЮЩЕ,Article,
ART_59,ТВОРЧЕСКИЕ ВИДЫ ЗАДАНИЙ С ИСПОЛЬЗОВАНИЕМ ИСКУССТВЕ,Article,"Гаврилова М.В., Дронова А.Л."
ART_60,ВНЕДРЕНИЕ ТЕХНОЛОГИЙ ИСКУССТВЕННОГО ИНТЕЛЛЕКТА ДЛЯ,Article,Писарь Н.В.
ART_61,ПОНЯТИЕ И СТРУКТУРА УСТНО-РЕЧЕВЫХ УМЕНИЙ ПРИ ИСПОЛ,Article,Крымова Л.Р.
ART_62,ЭФФЕКТИВНОСТЬ ИСПОЛЬЗОВАНИЯ YANDEXGPT ДЛЯ РАЗВИТИЯ,Article,Попович О.Ю.
ART_63,ПЕРСПЕКТИВЫ ТЕХНОЛОГИЙ НЕЙРОСЕТИ И ИСКУССТВЕННОГО ,Article,"Усова В.А., Гусельникова М.Л."
ART_64,ИСПОЛЬЗОВАНИЕ ЦИФРОВЫХ ТЕХНОЛОГИЙ В ОБУЧЕНИИ РУССК,Article,"Аннатаганова О., Мередова А., Черкезова С."
ART_65,OPTIMIZATION OF ADAPTIVE LANGUAGE LEARNING USING A,Article,
ART_66,КАК ИСКУССТВЕННЫЙ ИНТЕЛЛЕКТ ПОМОГАЕТ ИЗУЧАТЬ РУССК,Article,Умурзакова К.
ART_67,ПРОБЛЕМЫ РАЗВИТИЯ УСТНО-РЕЧЕВЫХ УМЕНИЙ ПРИ ОБУЧЕНИ,Article,"Федотова Н.Л., Нерсисян К.А."
ART_68,МЕТОДИКА ПРИМЕНЕНИЯ CHATGPT ПРИ ОБУЧЕНИИ СТИЛИСТИК,Article,Козловцева Н.А.
ART_69,МЕТОДИКА И ПРАКТИКА ОБУЧЕНИЯ РУССКОМУ ЯЗЫКУ КАК ИН,Article,"Барашян В.К., Кононенко А.П., Недоспасова Л.А."
ART_70,УРОКИ РУССКОГО ДЛЯ ИНОСТРАНЦЕВ: ТЕХНИКИ ИСКУССТВЕН,Article,Дзюба Е.В.
ART_71,НЕЙРОСЕТИ НА СЛУЖБЕ ПРЕПОДАВАТЕЛЯ РКИ,Article,Давудова М.О.
ART_72,"АНАЛИЗ КОММУНИКАТИВНЫХ СИТУАЦИЙ ""ЗНАКОМСТВО"" И ""У ",Article,Прощенко А.Ю.
ART_73,МЕТОДИЧЕСКИЙ ПОТЕНЦИАЛ ИСПОЛЬЗОВАНИЯ CHATGPT В ОБУ,Article,Козловцева Н.А.
ART_74,ОРГАНИЗАЦИЯ ВНЕАУДИТОРНОЙ РАБОТЫ ПО ИНОСТРАННОМУ Я,Article,"Желтова Е.П., Маршева Н.В."
ART_75,ПРИМЕНЕНИЕ АЛГОРИТМОВ ИСКУССТВЕННОГО ИНТЕЛЛЕКТА В ,Article,"Афанасьева Н.Д., Васильева А.А."
ART_76,ПРИМЕНЕНИЕ ТЕХНОЛОГИЙ ИСКУССТВЕННОГО ИНТЕЛЛЕКТА ПР,Article,"Иванищева О.Н., Лян М."
ART_77,"АНАЛИЗ КОММУНИКАТИВНЫХ СИТУАЦИЙ ""ЗНАКОМСТВО"" И ""У ",Article,Прощенко А.Ю.
ART_78,ОБУЧАЮЩИЙ ПОТЕНЦИАЛ НЕЙРОСЕТЕЙ И СИСТЕМ ИСКУССТВЕН,Article,"Юздова Л.П., Баландина И.Д., Москвитина Т.Н."
ART_79,ГЕНЕРАТИВНЫЙ ИСКУССТВЕННЫЙ ИНТЕЛЛЕКТ КАК СРЕДСТВО ,Article,Писарь Н.В.
ART_80,ВОЗМОЖНОСТИ ИСПОЛЬЗОВАНИЯ ИСКУССТВЕННОГО ИНТЕЛЛЕКТ,Article,Сентябова А.В.
ART_81,ПРИМЕНЕНИЕ ИСКУССТВЕННОГО ИНТЕЛЛЕКТА ДЛЯ ИЗУЧЕНИЯ ,Article,Ле В.Х.
ART_82,ИСПОЛЬЗОВАНИЕ ВОЗМОЖНОСТЕЙ ИСКУССТВЕННОГО ИНТЕЛЛЕК,Article,Машканцева С.В.
ART_83,ПРЕИМУЩЕСТВА И НЕДОСТАТКИ ПЛАТФОРМЫ НА ОСНОВЕ ИСКУ,Article,"Рафаэльян В.А., Донина О.В."
ART_84,ПРОБЛЕМА ПОДГОТОВКИ УЧЕБНЫХ МАТЕРИАЛОВ ПО РУССКОМУ,Article,Шмакова В.А.
ART_85,ИСПОЛЬЗОВАНИЕ ГЕНЕРАТИВНОГО ИСКУССТВЕННОГО ИНТЕЛЛЕ,Article,"Дзюба Е.В., Колесник И.И., Кучумова Е.В."
ART_86,АНАЛИЗ ВОЗМОЖНОСТЕЙ ПЛАТФОРМЫ НА ОСНОВЕ ИСКУССТВЕН,Article,"Рафаэльян В.А., Донина О.В."
ART_87,ИСПОЛЬЗОВАНИЕ ИСКУССТВЕННОГО ИНТЕЛЛЕКТА НА ЗАНЯТИЯ,Article,Алексеева Е.С.
ART_88,ИСПОЛЬЗОВАНИЕ ИСКУССТВЕННОГО ИНТЕЛЛЕКТА ПРИ ПРЕПОД,Article,"Чжоу Л., Саракаева Э.А."
ART_89,ПРИМЕНЕНИЕ ТЕХНОЛОГИЙ ИСКУССТВЕННОГО ИНТЕЛЛЕКТА В ,Article,Кузнецова Е.В.
ART_90,ВОЗМОЖНОСТИ ИСПОЛЬЗОВАНИЯ ИСКУССТВЕННОГО ИНТЕЛЛЕКТ,Article,Инина В.В.
ART_91,"ДИАЛОГ КУЛЬТУР В СОВРЕМЕННОМ УЧЕБНИКЕ ""УДМУРТ КЫЛ""",Article,Костина К.Г.
ART_92,"ВИРТУАЛЬНЫЙ ГОЛОСОВОЙ ПОМОЩНИК ""АЛИСА"" В ПРЕПОДАВА",Article,Грибовская Н.Ю.
ART_93,СПОСОБЫ ПРИМЕНЕНИЯ ИСКУССТВЕННОГО ИНТЕЛЛЕКТА В ПРЕ,Article,Лерхер Х.
ART_94,ВЛИЯНИЕ СОВРЕМЕННЫХ ТЕХНОЛОГИЙ НА РАЗВИТИЕ И СОХРА,Article,Албагачиева Х.И.
ART_95,РОЛЬ ИСКУССТВЕННОГО ИНТЕЛЛЕКТА В ОРГАНИЗАЦИИ САМОС,Article,Дилшодбеков Т.Д.
ART_96,СОВРЕМЕННЫЕ ПОДХОДЫ К ОБУЧЕНИЮ ОБЩЕОБРАЗОВАТЕЛЬНЫМ,Article,Седова Н.В.
ART_97,ЦИФРОВИЗАЦИЯ В ИЗУЧЕНИИ ЯЗЫКОВ: ВЛИЯНИЕ ИСКУССТВЕН,Article,Мухаммад И.Б.
ART_98,МЕТОДЫ И СРЕДСТВА ПОВЫШЕНИЯ ЭФФЕКТИВНОСТИ ОБРАЗОВА,Article,Машканцева С.В.
ART_99,ИСКУССТВЕННЫЙ ИНТЕЛЛЕКТ В ПРОЦЕССЕ ТРАНСКРИБИРОВАН,Article,"Барышникова Е.Н., Латышева А.В."
ART_100,ОПЫТ ПРИМЕНЕНИЯ CHAT GPT В ПРЕПОДАВАНИИ РУССКОГО Я,Article,Стеценко В.В.
ART_101,КОНЦЕПЦИЯ ЭФФЕКТИВНОГО ПРЕПОДАВАНИЯ РУССКОГО ЯЗЫКА,Article,"Адашкевич И.В., Кислик Н.В."
ART_102,ГЕНЕРАТИВНЫЕ НЕЙРОСЕТИ ИИ В МЕТОДИКЕ ПРЕПОДАВАНИЯ ,Article,Бурцева С.С.
ART_103,ИСПОЛЬЗОВАНИЕ ИСКУССТВЕННОГО ИНТЕЛЛЕКТА В ПРЕПОДАВ,Article,Гунькина А.М.
ART_104,ИСПОЛЬЗОВАНИЕ ИСКУССТВЕННОГО ИНТЕЛЛЕКТА НА ЗАНЯТИЯ,Article,Юй Ч.
ART_105,НЕЙРОСЕТЬ - ПРЕПОДАВАТЕЛЬ РКИ?,Article,"Новоселова Н.В., Грачева О.А."
ART_106,ФУНКЦИОНИРОВАНИЕ ИСКУССТВЕННОГО ИНТЕЛЛЕКТА ДЛЯ РАЗ,Article,Султани М.М.
ART_107,ВОЗМОЖНОСТИ ИСПОЛЬЗОВАНИЯ ГЕНЕРАТИВНЫХ ИСКУССТВЕНН,Article,"Белопухова А.М., Андреева Е.Г."
ART_108,ОБ ОПЫТЕ ИСПОЛЬЗОВАНИЯ ИСКУССТВЕННОГО ИНТЕЛЛЕКТА П,Article,Румянцева Е.В.
ART_109,НЕЙРОСЕТИ КАК ИНСТРУМЕНТ ФОРМИРОВАНИЯ МЕЖКУЛЬТУРНО,Article,Валова Л.В.
ART_110,О ГИПОТЕТИЧЕСКОЙ ЗНАЧИМОСТИ СГЕНЕРИРОВАННЫХ ИЛЛЮСТ,Article,Головко Н.В.
ART_111,ВОЗМОЖНОСТИ CHATGPT В ИЗУЧЕНИИ РКИ,Article,Чжицзин У.
ART_112,ИСКУССТВЕННЫЙ ИНТЕЛЛЕКТ И ЧАТ-БОТЫ НА УРОКАХ РУССК,Article,Лыу Т.Н.
ART_113,ВЕКТОРЫ ЦИФРОВОЙ ТРАНСФОРМАЦИИ ЛИНГВОДИДАКТИКИ,Article,
ART_114,ПРОБЛЕМЫ И ПЕРСПЕКТИВЫ ПРЕПОДАВАНИЯ РКИ В АСПЕКТЕ ,Article,
ART_115,ИСПОЛЬЗОВАНИЕ ИСКУССТВЕННОГО ИНТЕЛЛЕКТА ПРИ ОБУЧЕН,Article,Гафурова Л.Р.
ART_116,ИСКУССТВЕННЫЙ ИНТЕЛЛЕКТ В ОБУЧЕНИИ РУССКОМУ ЯЗЫКУ ,Article,Козловцева Н.А.
ART_117,СРЕДА ОБУЧЕНИЯ РУССКОМУ ЯЗЫКУ КАК ИНОСТРАННОМУ В У,Article,"Богомолов А.Н., Дунаева Л.А."
ART_118,ПРАКТИЧЕСКИЕ АСПЕКТЫ ИСПОЛЬЗОВАНИЯ ЧАТ-БОТОВ ДЛЯ О,Article,Хэ Я.
ART_119,ИСКУССТВЕННЫЙ ИНТЕЛЛЕКТ В МЕТОДИКЕ ОБУЧЕНИЯ РУССКО,Article,"Дзюба Е.В., Еремина С.А., Мушенко Е.В."
ART_120,ТЕХНОЛОГИЯ СОЗДАНИЯ ДИАЛОГОВОГО ТРЕНАЖЕРА ДЛЯ ОБУЧ,Article,"Писарь Н.В., Ремболович Ж.В., Юрасюк Н.В."
ART_121,РАЗВИТИЕ ЯЗЫКОВОЙ ЛИЧНОСТИ В ПРОФЕССИОНАЛЬНОМ ДИСК,Article,"Юшкова Н.А., Воробьева Н.А."
ART_122,ПРАКТИЧЕСКИЕ АСПЕКТЫ ИСПОЛЬЗОВАНИЯ ЧАТ-БОТОВ ДЛЯ О,Article,Хэ Я.
ART_123,СКВОЗНЫЕ ТЕХНОЛОГИИ КАК ИНСТРУМЕНТ ФОРМИРОВАНИЯ СО,Article,"Латухина А.Л., Маринина Ю.А., Савант Р."
ART_124,ИСПОЛЬЗОВАНИЕ ИСКУССТВЕННОГО ИНТЕЛЛЕКТА В ОБУЧЕНИИ,Article,Наргес А.М.
ART_125,ИСКУССТВЕННЫЙ ИНТЕЛЛЕКТ НА СЛУЖБЕ РКИ,Article,"Грачева О.А., Новоселова Н.В."
ART_126,ИСПОЛЬЗОВАНИЕ ИСКУССТВЕННОГО ИНТЕЛЛЕКТА В ПРЕПОДАВ,Article,Калашникова М.А.
ART_127,"ИСКУССТВЕННЫЙ ИНТЕЛЛЕКТ ""НА СЛУЖБЕ"" У ПРЕПОДАВАТЕЛ",Article,Дивисенко О.В.
ART_128,ИСКУССТВЕННЫЙ ИНТЕЛЛЕКТ КАК ПОМОЩНИК ПРЕПОДАВАТЕЛЯ,Article,Буторина Н.Ф.
ART_129,ИСКУССТВЕННЫЙ ИНТЕЛЛЕКТ В ПРЕПОДАВАНИИ РКИ (НА ПРИ,Article,Гурова Е.П.
ART_130,ИСКУССТВЕННЫЙ ИНТЕЛЛЕКТ В ПРАКТИКЕ ПРЕПОДАВАНИЯ РК,Article,Рублёва Е.В.
ART_131,ИННОВАЦИОННЫЕ ТЕХНОЛОГИИ В МЕТОДИКЕ ПРЕПОДАВАНИЯ Р,Article,"Донина О.В., Рафаэльян В.А."
ART_132,РУССКИЙ ЯЗЫК КАК ИНОСТРАННЫЙ В ЗЕРКАЛЕ CHATGPT-4,Article,"Матухин П.Г., Копылова П.А., Исмаилова Х.Э."
ART_133,СИСТЕМЫ ИСКУССТВЕННОГО ИНТЕЛЛЕКТА В ПРОЦЕССЕ ПРЕПО,Article,Савочкина И.В.
ART_134,РОЛЬ ИСКУССТВЕННОГО ИНТЕЛЛЕКТА В ОБУЧЕНИИ РУССКОМУ,Article,Писарь Н.В.
ART_135,РАССУЖДЕНИЕ О ВОЗМОЖНОМ СПОСОБЕ ПРИМЕНЕНИЯ ГЕНЕРАТ,Article,Головко Н.В.
ART_136,КНИГА-ПРИТЧА С ИСПОЛЬЗОВАНИЕМ НЕЙРОСЕТЕЙ GPT CHAT ,Article,Кудрявцева Е.
ART_137,ПРЕПОДАВАНИЕ РУССКОГО ЯЗЫКА ИНОСТРАННЫМ ОБУЧАЮЩИМС,Article,"Амелина И.О., Эрнандес Я.Д."
ART_138,ИСПОЛЬЗОВАНИЕ ПОТЕНЦИАЛА CHATGPT В ЦЕЛЯХ ПРЕПОДАВА,Article,"Шамсидинова М.К., Чалова О.В."
ART_139,ИЗМЕНЕНИЕ КЛАССИЧЕСКОГО ПРЕДСТАВЛЕНИЯ О ПРЕПОДАВАН,Article,Доненко О.Л.
ART_140,ИСКУССТВЕННЫЙ ИНТЕЛЛЕКТ КАК ПОМОЩНИК ПРЕПОДАВАТЕЛЯ,Article,Буторина Н.Ф.
ART_141,ТЕХНОЛОГИИ ИСКУССТВЕННОГО ИНТЕЛЛЕКТА В ПРЕПОДАВАНИ,Article,"Донина О.В., Рафаэльян В."
ART_142,СЕМАНТИЗАЦИЯ ЛЕКСИЧЕСКИХ ЕДИНИЦ В УСЛОВИЯХ КОНТАКТ,Article,Шаймерденова Н.Ж.
ART_143,РАЗРАБОТКА ОБРАЗОВАТЕЛЬНОЙ ПЛАТФОРМЫ ПО ИЗУЧЕНИЮ Р,Article,"Витвицкая О.В., Мушкова В.В."
ART_144,РОЛЬ CHATGPT В ПРЕПОДАВАНИИ РУССКОГО ЯЗЫКА КАК ИНО,Article,"Донина О.В., Рафаэльян В.А."
ART_145,ИСКУССТВЕННЫЙ ИНТЕЛЛЕКТ В ОБУЧЕНИИ РУССКОМУ ЯЗЫКУ ,Article,"Кузнецова А.А., Аксенова Е.Д., Михайлова Н.Д., Ткачева Р.А., Толкачева Н.Н."
ART_146,ДИСТАНЦИОННОЕ ОБУЧЕНИЕ: РЕАЛИИ И ПЕРСПЕКТИВЫ,Article,"Абазова Л.М., Кочесокова М.П., Гутаева Ж.Ж., Татарова Р.Х."
ART_147,ИСКУССТВЕННЫЙ ИНТЕЛЛЕКТ -ПОМОЩНИК ИЛИ КОНКУРЕНТ ПР,Article,Кожевникова М.Н.
ART_148,НОВЫЕ ТЕНДЕНЦИИ В ПРЕПОДАВАНИИ РУССКОГО ЯЗЫКА КАК ,Article,"Богомолов А.Н., Дунаева Л.А."
ART_149,ПРИМЕНЕНИЕ ИКТ В ПРЕПОДАВАНИИ РКИ: ДАЛЬНЕЙШИЕ ПЕРС,Article,Шелехова Я.А.
ART_150,ИСПОЛЬЗОВАНИЕ ФОНЕТИЧЕСКИХ ОНЛАЙН-ТРЕНАЖЕРОВ В ПРЕ,Article,Некрылова В.П.
ART_151,НОВЫЕ ТЕНДЕНЦИИ В ПРЕПОДАВАНИИ РУССКОГО ЯЗЫКА КАК ,Article,"Богомолов А.Н., Дунаева Л.А."
ART_152,ДИАЛОГОВЫЙ СИМУЛЯТОР КАК СРЕДСТВО РАЗВИТИЯ КОММУНИ,Article,"Ковтун Л.В., Гладков Ю.П."
ART_153,ИСПОЛЬЗОВАНИЕ QUIZLET И ТЕЛЕГРАМ-БОТОВ ДЛЯ ИЗУЧЕНИ,Article,"Гумерова А.М., Кудрявцева З.Г., Чусова К.В."
AUT_Городова,Городова,Author,
AUT_Анненкова,Анненкова,Author,
AUT_Моргун,Моргун,Author,
AUT_Донгак,Донгак,Author,
AUT_Серостанова,Серостанова,Author,
AUT_Левченко,Левченко,Author,
AUT_Лян М.,Лян М.,Author,
AUT_Фирсова,Фирсова,Author,
AUT_Ковтун Л.В.,Ковтун Л.В.,Author,
AUT_Донина О.В.,Донина О.В.,Author,
AUT_Катинская,Катинская,Author,
AUT_Плеханова Е.А.,Плеханова Е.А.,Author,
AUT_Петанова,Петанова,Author,
AUT_Антипова,Антипова,Author,
AUT_Козлова,Козлова,Author,
AUT_Федорович,Федорович,Author,
AUT_Хайитматов,Хайитматов,Author,
AUT_Казикин,Казикин,Author,
AUT_Жижикова,Жижикова,Author,
AUT_Ткачева Р.А.,Ткачева Р.А.,Author,
AUT_Моргунова,Моргунова,Author,
AUT_Евсеева,Евсеева,Author,
AUT_Аннатаганова О.,Аннатаганова О.,Author,
AUT_Рядовых,Рядовых,Author,
AUT_Михайлюк,Михайлюк,Author,
AUT_Лапошина,Лапошина,Author,
AUT_Черкезова С.,Черкезова С.,Author,
AUT_Дороничев,Дороничев,Author,
AUT_Божьева,Божьева,Author,
AUT_Баохун,Баохун,Author,
AUT_Гарцов,Гарцов,Author,
AUT_Лузина,Лузина,Author,
AUT_Гальскова,Гальскова,Author,
AUT_Сойлен,Сойлен,Author,
AUT_Можеевская А.Е.,Можеевская А.Е.,Author,
AUT_Власов,Власов,Author,
AUT_Будников,Будников,Author,
AUT_Белоусенко,Белоусенко,Author,
AUT_Кожухова,Кожухова,Author,
AUT_Кубрякова,Кубрякова,Author,
AUT_Ван,Ван,Author,
AUT_Воробьева,Воробьева,Author,
AUT_Гафурова,Гафурова,Author,
AUT_Болл,Болл,Author,
AUT_Годизова,Годизова,Author,
AUT_Легостаева,Легостаева,Author,
AUT_Кашпирева,Кашпирева,Author,
AUT_Лерхер,Лерхер,Author,
AUT_Овсий,Овсий,Author,
AUT_Гурова,Гурова,Author,
AUT_Козловцева Н.А.,Козловцева Н.А.,Author,
AUT_Веселова,Веселова,Author,
AUT_Матюшок,Матюшок,Author,
AUT_Лебедева,Лебедева,Author,
AUT_Пирогова,Пирогова,Author,
AUT_Караваев,Караваев,Author,
AUT_Карелин,Карелин,Author,
AUT_Амелина,Амелина,Author,
AUT_Жиндаева,Жиндаева,Author,
AUT_Хабибуллин,Хабибуллин,Author,
AUT_Шувалов,Шувалов,Author,
AUT_Карасик,Карасик,Author,
AUT_Прощенко А.Ю.,Прощенко А.Ю.,Author,
AUT_Джурабоев,Джурабоев,Author,
AUT_Петрова М.Г.,Петрова М.Г.,Author,
AUT_Луценко,Луценко,Author,
AUT_Юй Ч.,Юй Ч.,Author,
AUT_Форд,Форд,Author,
AUT_Тьюринг,Тьюринг,Author,
AUT_Пустовойт,Пустовойт,Author,
AUT_Архангельская,Архангельская,Author,
AUT_Внуковская,Внуковская,Author,
AUT_Копылова,Копылова,Author,
AUT_Тупикова М.В.,Тупикова М.В.,Author,
AUT_Холенко О.Е.,Холенко О.Е.,Author,
AUT_Голомидова,Голомидова,Author,
AUT_Самчик,Самчик,Author,
AUT_Умурзакова К.,Умурзакова К.,Author,
AUT_Биккулова,Биккулова,Author,
AUT_Коротышев,Коротышев,Author,
AUT_Токторбаев,Токторбаев,Author,
AUT_Дроздова,Дроздова,Author,
AUT_Зорина,Зорина,Author,
AUT_Коровникова,Коровникова,Author,
AUT_Грачева,Грачева,Author,
AUT_Гальперин,Гальперин,Author,
AUT_Сысоева,Сысоева,Author,
AUT_Добрикова,Добрикова,Author,
AUT_Доненко,Доненко,Author,
AUT_Рафаэльян В.А.,Рафаэльян В.А.,Author,
AUT_Гущин,Гущин,Author,
AUT_Воробьева Н.А.,Воробьева Н.А.,Author,
AUT_Головко Н.В.,Головко Н.В.,Author,
AUT_Евдокимова,Евдокимова,Author,
AUT_Тоцкая,Тоцкая,Author,
AUT_Коковина,Коковина,Author,
AUT_Темиргалеева М.М.,Темиргалеева М.М.,Author,
AUT_Филатова,Филатова,Author,
AUT_Котельникова,Котельникова,Author,
AUT_Якобсон,Якобсон,Author,
AUT_Позднякова,Позднякова,Author,
AUT_Пассов,Пассов,Author,
AUT_Федосенко Е.,Федосенко Е.,Author,
AUT_Хоанг Т.Х.,Хоанг Т.Х.,Author,
AUT_Зализняк,Зализняк,Author,
AUT_Боровская,Боровская,Author,
AUT_Кочесокова,Кочесокова,Author,
AUT_Ярмахов,Ярмахов,Author,
AUT_Руженцева,Руженцева,Author,
AUT_Руденко,Руденко,Author,
AUT_Чжан,Чжан,Author,
AUT_Жильцов,Жильцов,Author,
AUT_Бруффартс,Бруффартс,Author,
AUT_Матвеева,Матвеева,Author,
AUT_Холод,Холод,Author,
AUT_Гез,Гез,Author,
AUT_Патрушева,Патрушева,Author,
AUT_Аверкин,Аверкин,Author,
AUT_Подгорный,Подгорный,Author,
AUT_Колесников,Колесников,Author,
AUT_Линник,Линник,Author,
AUT_Исмаилова Х.Э.,Исмаилова Х.Э.,Author,
AUT_Цзян,Цзян,Author,
AUT_Исаева Л.Р.,Исаева Л.Р.,Author,
AUT_Леонова,Леонова,Author,
AUT_Кузьмин,Кузьмин,Author,
AUT_Добренко,Добренко,Author,
AUT_Заболотнева,Заболотнева,Author,
AUT_Исаева,Исаева,Author,
AUT_Михайлова Н.Д.,Михайлова Н.Д.,Author,
AUT_Ястребова,Ястребова,Author,
AUT_Михеева,Михеева,Author,
AUT_Толкачева Н.Н.,Толкачева Н.Н.,Author,
AUT_Плотникова,Плотникова,Author,
AUT_Усова В.А.,Усова В.А.,Author,
AUT_Тогумбетова Ж.,Тогумбетова Ж.,Author,
AUT_Шабонов,Шабонов,Author,
AUT_Давыдова,Давыдова,Author,
AUT_Шермухамедов,Шермухамедов,Author,
AUT_Сергеева,Сергеева,Author,
AUT_Зинченко,Зинченко,Author,
AUT_Должикова,Должикова,Author,
AUT_Буланова,Буланова,Author,
AUT_Анастасова,Анастасова,Author,
AUT_Макаров,Макаров,Author,
AUT_Мартынова,Мартынова,Author,
AUT_Ильина,Ильина,Author,
AUT_Черникова,Черникова,Author,
AUT_Насырова,Насырова,Author,
AUT_Шевченко,Шевченко,Author,
AUT_Еремина С.А.,Еремина С.А.,Author,
AUT_Бейги,Бейги,Author,
AUT_Осипенко,Осипенко,Author,
AUT_Юшкова Н.А.,Юшкова Н.А.,Author,
AUT_Яковлева,Яковлева,Author,
AUT_Суханова,Суханова,Author,
AUT_Попович,Попович,Author,
AUT_Недоспасова Л.А.,Недоспасова Л.А.,Author,
AUT_Андреев,Андреев,Author,
AUT_Инина В.В.,Инина В.В.,Author,
AUT_Колесникова,Колесникова,Author,
AUT_Тихонова,Тихонова,Author,
AUT_Богатырёв А.А.,Богатырёв А.А.,Author,
AUT_Шмидт,Шмидт,Author,
AUT_Мурашкина,Мурашкина,Author,
AUT_Холодкова,Холодкова,Author,
AUT_Ятманов,Ятманов,Author,
AUT_Кричевский,Кричевский,Author,
AUT_Аруноаст,Аруноаст,Author,
AUT_Ткачева,Ткачева,Author,
AUT_Щербакова,Щербакова,Author,
AUT_Артамонов,Артамонов,Author,
AUT_Провоторова,Провоторова,Author,
AUT_Муртазин,Муртазин,Author,
AUT_Паскова,Паскова,Author,
AUT_Голами,Голами,Author,
AUT_Воронцов,Воронцов,Author,
AUT_Милосердова,Милосердова,Author,
AUT_Рублёва,Рублёва,Author,
AUT_Желтова Е.П.,Желтова Е.П.,Author,
AUT_Гайдаш,Гайдаш,Author,
AUT_Чусова К.В.,Чусова К.В.,Author,
AUT_Шерина,Шерина,Author,
AUT_Азимов,Азимов,Author,
AUT_Храпова,Храпова,Author,
AUT_Романова,Романова,Author,
AUT_Гриншкун,Гриншкун,Author,
AUT_Савченко Т.Д.,Савченко Т.Д.,Author,
AUT_Саламатов,Саламатов,Author,
AUT_Крымова Л.Р.,Крымова Л.Р.,Author,
AUT_Рождественская,Рождественская,Author,
AUT_Жеребцова,Жеребцова,Author,
AUT_Дзялошинский,Дзялошинский,Author,
AUT_Коллегов,Коллегов,Author,
AUT_Есенина,Есенина,Author,
AUT_Швецова,Швецова,Author,
AUT_Филиппов,Филиппов,Author,
AUT_Храброва,Храброва,Author,
AUT_Шейтанова Н.,Шейтанова Н.,Author,
AUT_Соловова,Соловова,Author,
AUT_Пшеничный,Пшеничный,Author,
AUT_Ремболович Ж.В.,Ремболович Ж.В.,Author,
AUT_Касумова,Касумова,Author,
AUT_Донина,Донина,Author,
AUT_Башарова,Башарова,Author,
AUT_Карабанова Е.Н.,Карабанова Е.Н.,Author,
AUT_Вострякова,Вострякова,Author,
AUT_Дилшодбеков Т.Д.,Дилшодбеков Т.Д.,Author,
AUT_Богатырева,Богатырева,Author,
AUT_Бодрова,Бодрова,Author,
AUT_Бурханова,Бурханова,Author,
AUT_Максимова,Максимова,Author,
AUT_Балакин,Балакин,Author,
AUT_Китаева,Китаева,Author,
AUT_Байчорова Х.С.,Байчорова Х.С.,Author,
AUT_Полат,Полат,Author,
AUT_Писарь,Писарь,Author,
AUT_Теплов,Теплов,Author,
AUT_Белаш,Белаш,Author,
AUT_Платонов,Платонов,Author,
AUT_Карлос,Карлос,Author,
AUT_Матухин,Матухин,Author,
AUT_Максименко,Максименко,Author,
AUT_Шелехова Я.А.,Шелехова Я.А.,Author,
AUT_Сальникова,Сальникова,Author,
AUT_Обухова,Обухова,Author,
AUT_Безносюк,Безносюк,Author,
AUT_Гуляев,Гуляев,Author,
AUT_Веснина,Веснина,Author,
AUT_Егорова,Егорова,Author,
AUT_Караулов,Караулов,Author,
AUT_Аврааменко,Аврааменко,Author,
AUT_Игнатович,Игнатович,Author,
AUT_Кочетова,Кочетова,Author,
AUT_Седых,Седых,Author,
AUT_Пыхарев В.А.,Пыхарев В.А.,Author,
AUT_Янгарбер,Янгарбер,Author,
AUT_Булат,Булат,Author,
AUT_Савочкина,Савочкина,Author,
AUT_Корнеева,Корнеева,Author,
AUT_Соменков,Соменков,Author,
AUT_Максютов,Максютов,Author,
AUT_Наргес А.М.,Наргес А.М.,Author,
AUT_Седова Н.В.,Седова Н.В.,Author,
AUT_Чернышенко,Чернышенко,Author,
AUT_Козырев,Козырев,Author,
AUT_Пирнепесова Г.Н.,Пирнепесова Г.Н.,Author,
AUT_Кузнецова,Кузнецова,Author,
AUT_Каляева,Каляева,Author,
AUT_Усольцев,Усольцев,Author,
AUT_Башкина,Башкина,Author,
AUT_Пашковская,Пашковская,Author,
AUT_Лютова,Лютова,Author,
AUT_Стародубцева,Стародубцева,Author,
AUT_Носикова,Носикова,Author,
AUT_Пикрвер,Пикрвер,Author,
AUT_Косарева З.С.,Косарева З.С.,Author,
AUT_Адашкевич И.В.,Адашкевич И.В.,Author,
AUT_Денисова О.И.,Денисова О.И.,Author,
AUT_Островский А.Г.,Островский А.Г.,Author,
AUT_Хэ Я.,Хэ Я.,Author,
AUT_Чалова О.В.,Чалова О.В.,Author,
AUT_Волкова,Волкова,Author,
AUT_Агамалиев,Агамалиев,Author,
AUT_Гарднер,Гарднер,Author,
AUT_Курбанова,Курбанова,Author,
AUT_Чиханова,Чиханова,Author,
AUT_Есионова,Есионова,Author,
AUT_Махмутова,Махмутова,Author,
AUT_Толстель,Толстель,Author,
AUT_Буторина Н.Ф.,Буторина Н.Ф.,Author,
AUT_Огрызко,Огрызко,Author,
AUT_Ходенкова,Ходенкова,Author,
AUT_Антохина,Антохина,Author,
AUT_Черкасова,Черкасова,Author,
AUT_Шульгина,Шульгина,Author,
AUT_Сулейменова,Сулейменова,Author,
AUT_Ершова,Ершова,Author,
AUT_Сентябова А.В.,Сентябова А.В.,Author,
AUT_Еремеев,Еремеев,Author,
AUT_Садыкова,Садыкова,Author,
AUT_Рутер,Рутер,Author,
AUT_Карпова,Карпова,Author,
AUT_Калинина,Калинина,Author,
AUT_Дунаева,Дунаева,Author,
AUT_Барашян,Барашян,Author,
AUT_Мубаракшина,Мубаракшина,Author,
AUT_Рыков,Рыков,Author,
AUT_Гусарова,Гусарова,Author,
AUT_Харламенко,Харламенко,Author,
AUT_Тхи,Тхи,Author,
AUT_Мушкова В.В.,Мушкова В.В.,Author,
AUT_Блинов,Блинов,Author,
AUT_Сорокина,Сорокина,Author,
AUT_Моркина,Моркина,Author,
AUT_Соколова Н.В.,Соколова Н.В.,Author,
AUT_Шисянь,Шисянь,Author,
AUT_Дрейфельд О.В.,Дрейфельд О.В.,Author,
AUT_Трофимова,Трофимова,Author,
AUT_Дзюба,Дзюба,Author,
AUT_Албагачиева Х.И.,Албагачиева Х.И.,Author,
AUT_Маринина Ю.А.,Маринина Ю.А.,Author,
AUT_Кравцова,Кравцова,Author,
AUT_Питина,Питина,Author,
AUT_Галкина,Галкина,Author,
AUT_Соколова,Соколова,Author,
AUT_Фомин,Фомин,Author,
AUT_Бим,Бим,Author,
AUT_Селиверстова,Селиверстова,Author,
AUT_Латышева А.В.,Латышева А.В.,Author,
AUT_Дизон,Дизон,Author,
AUT_Бахтизин,Бахтизин,Author,
AUT_Бузаева,Бузаева,Author,
AUT_Бирюкова Ю.Н.,Бирюкова Ю.Н.,Author,
AUT_Голодков,Голодков,Author,
AUT_Будникова,Будникова,Author,
AUT_Шилова,Шилова,Author,
AUT_Йованович,Йованович,Author,
AUT_Ведикер,Ведикер,Author,
AUT_Коренев,Коренев,Author,
AUT_Немыка А.А.,Немыка А.А.,Author,
AUT_Дрейфельд,Дрейфельд,Author,
AUT_Татарова Р.Х.,Татарова Р.Х.,Author,
AUT_Сафина Г.Ф.,Сафина Г.Ф.,Author,
AUT_Бутина,Бутина,Author,
AUT_Юрасюк Н.В.,Юрасюк Н.В.,Author,
AUT_Селькова,Селькова,Author,
AUT_Карпенко,Карпенко,Author,
AUT_Дробахина,Дробахина,Author,
AUT_Рудниченко,Рудниченко,Author,
AUT_Ситдикова,Ситдикова,Author,
AUT_Ефимова,Ефимова,Author,
AUT_Адясова,Адясова,Author,
AUT_Игнатьева,Игнатьева,Author,
AUT_Самосенкова,Самосенкова,Author,
AUT_Саяпин,Саяпин,Author,
AUT_Султани М.М.,Султани М.М.,Author,
AUT_Ильдуганова,Ильдуганова,Author,
AUT_Ефремова,Ефремова,Author,
AUT_Пуляевская А.М.,Пуляевская А.М.,Author,
AUT_Бахарлу,Бахарлу,Author,
AUT_Байтерякова,Байтерякова,Author,
AUT_Хэ,Хэ,Author,
AUT_Тен,Тен,Author,
AUT_Беликова,Беликова,Author,
AUT_Стеценко В.В.,Стеценко В.В.,Author,
AUT_Костюкова,Костюкова,Author,
AUT_Югова,Югова,Author,
AUT_Югай,Югай,Author,
AUT_Крюкова,Крюкова,Author,
AUT_Пласкина,Пласкина,Author,
AUT_Сергеев,Сергеев,Author,
AUT_Чеснокова,Чеснокова,Author,
AUT_Билалова,Билалова,Author,
AUT_Мушенко,Мушенко,Author,
AUT_Глубокова,Глубокова,Author,
AUT_Новоселова Н.В.,Новоселова Н.В.,Author,
AUT_Сорокин,Сорокин,Author,
AUT_Бондаренко,Бондаренко,Author,
AUT_Эрнандес Я.Д.,Эрнандес Я.Д.,Author,
AUT_Привалова,Привалова,Author,
AUT_Коннова,Коннова,Author,
AUT_Попова,Попова,Author,
AUT_Пашенцев,Пашенцев,Author,
AUT_Бурлакова,Бурлакова,Author,
AUT_Лю Ч.Ю.,Лю Ч.Ю.,Author,
AUT_Амиров,Амиров,Author,
AUT_Рафаэльян,Рафаэльян,Author,
AUT_Платонова,Платонова,Author,
AUT_Мощинская,Мощинская,Author,
AUT_Мухаммад И.Б.,Мухаммад И.Б.,Author,
AUT_Денисултанова В.Д.,Денисултанова В.Д.,Author,
AUT_Юшкова,Юшкова,Author,
AUT_Сивец,Сивец,Author,
AUT_Давудова М.О.,Давудова М.О.,Author,
AUT_Панкрац,Панкрац,Author,
AUT_Аманова,Аманова,Author,
AUT_Белоглазов А.А.,Белоглазов А.А.,Author,
AUT_Сон,Сон,Author,
AUT_Кудрявцева З.Г.,Кудрявцева З.Г.,Author,
AUT_Писарь Н.В.,Писарь Н.В.,Author,
AUT_Дмитриева,Дмитриева,Author,
AUT_Адельшина,Адельшина,Author,
AUT_Александрова,Александрова,Author,
AUT_Кайси,Кайси,Author,
AUT_Стрельчук,Стрельчук,Author,
AUT_Котане,Котане,Author,
AUT_Чернышев,Чернышев,Author,
AUT_Грибовская Н.Ю.,Грибовская Н.Ю.,Author,
AUT_Гончарова,Гончарова,Author,
AUT_Павлов,Павлов,Author,
AUT_Барышникова Е.Н.,Барышникова Е.Н.,Author,
AUT_Мамбетов,Мамбетов,Author,
AUT_Аиткулова,Аиткулова,Author,
AUT_Буторина Н.,Буторина Н.,Author,
AUT_Канатьев,Канатьев,Author,
AUT_Самородова,Самородова,Author,
AUT_Зимовина,Зимовина,Author,
AUT_Копылова П.А.,Копылова П.А.,Author,
AUT_Никитина,Никитина,Author,
AUT_Кожевникова М.Н.,Кожевникова М.Н.,Author,
AUT_Клочихин,Клочихин,Author,
AUT_Пырнова,Пырнова,Author,
AUT_Зарипова,Зарипова,Author,
AUT_Дивисенко О.В.,Дивисенко О.В.,Author,
AUT_Киров,Киров,Author,
AUT_Орлова,Орлова,Author,
AUT_Лукашевич,Лукашевич,Author,
AUT_Ружицкий,Ружицкий,Author,
AUT_Левитан,Левитан,Author,
AUT_Панченко,Панченко,Author,
AUT_Ли,Ли,Author,
AUT_Черепанова,Черепанова,Author,
AUT_Аканова,Аканова,Author,
AUT_Мирошникова,Мирошникова,Author,
AUT_Сергеева О.В.,Сергеева О.В.,Author,
AUT_Чжоу Л.,Чжоу Л.,Author,
AUT_Шалина,Шалина,Author,
AUT_Аббакумов,Аббакумов,Author,
AUT_Кашлев,Кашлев,Author,
AUT_Андреева Е.Г.,Андреева Е.Г.,Author,
AUT_Жаринов,Жаринов,Author,
AUT_Павлова,Павлова,Author,
AUT_Ильченко,Ильченко,Author,
AUT_Павловская,Павловская,Author,
AUT_Ганина,Ганина,Author,
AUT_Хисамова,Хисамова,Author,
AUT_Прохоров,Прохоров,Author,
AUT_Гнеушева А.Л.,Гнеушева А.Л.,Author,
AUT_Анциферова,Анциферова,Author,
AUT_Гаркуша,Гаркуша,Author,
AUT_Дилшодбеков,Дилшодбеков,Author,
AUT_Конышева,Конышева,Author,
AUT_Авраменко,Авраменко,Author,
AUT_Шимкович,Шимкович,Author,
AUT_Воронина,Воронина,Author,
AUT_Хмаренко,Хмаренко,Author,
AUT_Бедрина,Бедрина,Author,
AUT_Гулегина,Гулегина,Author,
AUT_Васильева А.А.,Васильева А.А.,Author,
AUT_Маслов,Маслов,Author,
AUT_Беляев,Беляев,Author,
AUT_Погорелова И.Ю.,Погорелова И.Ю.,Author,
AUT_Щукина,Щукина,Author,
AUT_Усенова,Усенова,Author,
AUT_Насыров,Насыров,Author,
AUT_Трегубова,Трегубова,Author,
AUT_Бегишев,Бегишев,Author,
AUT_Воркачев,Воркачев,Author,
AUT_Файзуллина,Файзуллина,Author,
AUT_Степанова,Степанова,Author,
AUT_Ратников,Ратников,Author,
AUT_Турко,Турко,Author,
AUT_Кузовлева,Кузовлева,Author,
AUT_Гаврилова,Гаврилова,Author,
AUT_Ворожихин,Ворожихин,Author,
AUT_Соболева,Соболева,Author,
AUT_Аксенова Е.Д.,Аксенова Е.Д.,Author,
AUT_Куликова,Куликова,Author,
AUT_Богомаз,Богомаз,Author,
AUT_Оздемир Е.Н.,Оздемир Е.Н.,Author,
AUT_Выхованец,Выхованец,Author,
AUT_Семенов,Семенов,Author,
AUT_Толкачева,Толкачева,Author,
AUT_Бахтин,Бахтин,Author,
AUT_Кудрявцева Е.,Кудрявцева Е.,Author,
AUT_Кобилов,Кобилов,Author,
AUT_Чухарев,Чухарев,Author,
AUT_Труханова,Труханова,Author,
AUT_Магомедова,Магомедова,Author,
AUT_Ивкина,Ивкина,Author,
AUT_Нахабина,Нахабина,Author,
AUT_Осокина,Осокина,Author,
AUT_Киреева,Киреева,Author,
AUT_Захарченко,Захарченко,Author,
AUT_Ахметшин,Ахметшин,Author,
AUT_Калашникова М.А.,Калашникова М.А.,Author,
AUT_Рублева,Рублева,Author,
AUT_Немыка,Немыка,Author,
AUT_Бурцева С.С.,Бурцева С.С.,Author,
AUT_Стрелец,Стрелец,Author,
AUT_Абрамова,Абрамова,Author,
AUT_Кожевникова,Кожевникова,Author,
AUT_Леонтович,Леонтович,Author,
AUT_Гаевская,Гаевская,Author,
AUT_Воронцова,Воронцова,Author,
AUT_Фурс,Фурс,Author,
AUT_Ворохобов,Ворохобов,Author,
AUT_Соловейчик,Соловейчик,Author,
AUT_Гладков,Гладков,Author,
AUT_Алексюк,Алексюк,Author,
AUT_Филатов,Филатов,Author,
AUT_Недоспасова,Недоспасова,Author,
AUT_Ломако,Ломако,Author,
AUT_Плисов,Плисов,Author,
AUT_Игумнова,Игумнова,Author,
AUT_Авдеева Н.П.,Авдеева Н.П.,Author,
AUT_Баранова,Баранова,Author,
AUT_Гафаров,Гафаров,Author,
AUT_Карандашов,Карандашов,Author,
AUT_Фисханова,Фисханова,Author,
AUT_Сысоев П.В.,Сысоев П.В.,Author,
AUT_Рафаэльян В.,Рафаэльян В.,Author,
AUT_Еременко,Еременко,Author,
AUT_Галкина А.А.,Галкина А.А.,Author,
AUT_Богомолов А.Н.,Богомолов А.Н.,Author,
AUT_Румянцева Е.В.,Румянцева Е.В.,Author,
AUT_Кучумова Е.В.,Кучумова Е.В.,Author,
AUT_Сысоев,Сысоев,Author,
AUT_Лавриненко,Лавриненко,Author,
AUT_Строцкая,Строцкая,Author,
AUT_Игисинова,Игисинова,Author,
AUT_Антропова,Антропова,Author,
AUT_Щукин,Щукин,Author,
AUT_Павлюк,Павлюк,Author,
AUT_Фархетдинова,Фархетдинова,Author,
AUT_Грачёва,Грачёва,Author,
AUT_Землякова,Землякова,Author,
AUT_Липатова,Липатова,Author,
AUT_Ганиев,Ганиев,Author,
AUT_Дудихин,Дудихин,Author,
AUT_Акифи,Акифи,Author,
AUT_Чафонова,Чафонова,Author,
AUT_Ковалёв Н.С.,Ковалёв Н.С.,Author,
AUT_Гусельникова М.Л.,Гусельникова М.Л.,Author,
AUT_Барашян В.К.,Барашян В.К.,Author,
AUT_Костюнина,Костюнина,Author,
AUT_Гаврилова М.В.,Гаврилова М.В.,Author,
AUT_Недосека,Недосека,Author,
AUT_Ковтун,Ковтун,Author,
AUT_Керр,Керр,Author,
AUT_Поляков,Поляков,Author,
AUT_Самофалова,Самофалова,Author,
AUT_Нефёдов,Нефёдов,Author,
AUT_Беляева,Беляева,Author,
AUT_Оводенко,Оводенко,Author,
AUT_Колосова,Колосова,Author,
AUT_Доненко О.Л.,Доненко О.Л.,Author,
AUT_Дьякова,Дьякова,Author,
AUT_Саракаева Э.А.,Саракаева Э.А.,Author,
AUT_Попеничи,Попеничи,Author,
AUT_Чепуренко,Чепуренко,Author,
AUT_Данилевская,Данилевская,Author,
AUT_Овешкова,Овешкова,Author,
AUT_Омарова,Омарова,Author,
AUT_Ватьян,Ватьян,Author,
AUT_Иванищева О.Н.,Иванищева О.Н.,Author,
AUT_Галиагберова,Галиагберова,Author,
AUT_Шмакова В.А.,Шмакова В.А.,Author,
AUT_Будаева Л.,Будаева Л.,Author,
AUT_Борисов,Борисов,Author,
AUT_Коноваленко,Коноваленко,Author,
AUT_Обвинцева,Обвинцева,Author,
AUT_Новоселов,Новоселов,Author,
AUT_Шамши,Шамши,Author,
AUT_Котенко,Котенко,Author,
AUT_Витвицкая О.В.,Витвицкая О.В.,Author,
AUT_Чернова,Чернова,Author,
AUT_Хабарова,Хабарова,Author,
AUT_Худяков,Худяков,Author,
AUT_Ребко,Ребко,Author,
AUT_Трубчанинова,Трубчанинова,Author,
AUT_Сидорова,Сидорова,Author,
AUT_Хайруллина М.В.,Хайруллина М.В.,Author,
AUT_Ли С.,Ли С.,Author,
AUT_Вязовская,Вязовская,Author,
AUT_Пулаки,Пулаки,Author,
AUT_Семенова,Семенова,Author,
AUT_Ходжаева,Ходжаева,Author,
AUT_Лерхер Х.,Лерхер Х.,Author,
AUT_Калужских,Калужских,Author,
AUT_Петрова,Петрова,Author,
AUT_Аксенова,Аксенова,Author,
AUT_Гребенникова,Гребенникова,Author,
AUT_Иванова,Иванова,Author,
AUT_Кравченко,Кравченко,Author,
AUT_Рего,Рего,Author,
AUT_Го Д.Н.,Го Д.Н.,Author,
AUT_Бирюкова,Бирюкова,Author,
AUT_Абазова Л.М.,Абазова Л.М.,Author,
AUT_Шамсидинова М.К.,Шамсидинова М.К.,Author,
AUT_Москвитина Т.Н.,Москвитина Т.Н.,Author,
AUT_Гунькина А.М.,Гунькина А.М.,Author,
AUT_Пашковская Н.Д.,Пашковская Н.Д.,Author,
AUT_Шишкин,Шишкин,Author,
AUT_Кузнецова Е.В.,Кузнецова Е.В.,Author,
AUT_Кривенко,Кривенко,Author,
AUT_Сычев,Сычев,Author,
AUT_Шаймерденова,Шаймерденова,Author,
AUT_Андреева,Андреева,Author,
AUT_Павиленис,Павиленис,Author,
AUT_Певницкая,Певницкая,Author,
AUT_Козловцева,Козловцева,Author,
AUT_Титова,Титова,Author,
AUT_Асанова,Асанова,Author,
AUT_Власова,Власова,Author,
AUT_Ситдиков,Ситдиков,Author,
AUT_Жуковская,Жуковская,Author,
AUT_Константинова,Константинова,Author,
AUT_Гапочкин,Гапочкин,Author,
AUT_Демьянков,Демьянков,Author,
AUT_Дунаева Л.А.,Дунаева Л.А.,Author,
AUT_Золотых,Золотых,Author,
AUT_Уайт,Уайт,Author,
AUT_Ахмад,Ахмад,Author,
AUT_Гулямов,Гулямов,Author,
AUT_Денисенко,Денисенко,Author,
AUT_Гусева,Гусева,Author,
AUT_Беленева,Беленева,Author,
AUT_Куваева,Куваева,Author,
AUT_Стаканова,Стаканова,Author,
AUT_Латухина А.Л.,Латухина А.Л.,Author,
AUT_Федотова,Федотова,Author,
AUT_Ахмедова,Ахмедова,Author,
AUT_Погосова Е.В.,Погосова Е.В.,Author,
AUT_Нерсисян К.А.,Нерсисян К.А.,Author,
AUT_Идиатуллина Л.Т.,Идиатуллина Л.Т.,Author,
AUT_Коротков,Коротков,Author,
AUT_Ларин,Ларин,Author,
AUT_Краснова,Краснова,Author,
AUT_Лутовинова,Лутовинова,Author,
AUT_Земляков,Земляков,Author,
AUT_Питерова,Питерова,Author,
AUT_Усольцева,Усольцева,Author,
AUT_Казанцев В.К.,Казанцев В.К.,Author,
AUT_Костюкович,Костюкович,Author,
AUT_Латухина,Латухина,Author,
AUT_Морарь,Морарь,Author,
AUT_Массалова,Массалова,Author,
AUT_Курочкина,Курочкина,Author,
AUT_Калистратова,Калистратова,Author,
AUT_Житкова,Житкова,Author,
AUT_Завадская,Завадская,Author,
AUT_Штыхно,Штыхно,Author,
AUT_Богданова,Богданова,Author,
AUT_Видова,Видова,Author,
AUT_Галиева,Галиева,Author,
AUT_Буторина,Буторина,Author,
AUT_Мантусов,Мантусов,Author,
AUT_Кононенко,Кононенко,Author,
AUT_Еремина,Еремина,Author,
AUT_Таюрская,Таюрская,Author,
AUT_Гурова Е.П.,Гурова Е.П.,Author,
AUT_Челпанова,Челпанова,Author,
AUT_Тормышова,Тормышова,Author,
AUT_Гришина,Гришина,Author,
AUT_Арекеева Ю.Е.,Арекеева Ю.Е.,Author,
AUT_Потёмкина,Потёмкина,Author,
AUT_Быков,Быков,Author,
AUT_Михайлова,Михайлова,Author,
AUT_Антонова,Антонова,Author,
AUT_Никольский,Никольский,Author,
AUT_Пчелякова,Пчелякова,Author,
AUT_Ельникова,Ельникова,Author,
AUT_Яворская Э.Э.,Яворская Э.Э.,Author,
AUT_Ерёмина,Ерёмина,Author,
AUT_Рублёва Е.В.,Рублёва Е.В.,Author,
AUT_Самуйлова,Самуйлова,Author,
AUT_Пименова,Пименова,Author,
AUT_Бачурина,Бачурина,Author,
AUT_Романюта,Романюта,Author,
AUT_Коваленко,Коваленко,Author,
AUT_Гафурова Л.Р.,Гафурова Л.Р.,Author,
AUT_Черняк,Черняк,Author,
AUT_Колотыгина,Колотыгина,Author,
AUT_Богачева,Богачева,Author,
AUT_Ромашина,Ромашина,Author,
AUT_Смирнова С.И.,Смирнова С.И.,Author,
AUT_Пантелеев,Пантелеев,Author,
AUT_Юздова Л.П.,Юздова Л.П.,Author,
AUT_Степаненко,Степаненко,Author,
AUT_Гладков Ю.П.,Гладков Ю.П.,Author,
AUT_Бохонная,Бохонная,Author,
AUT_Алексеева,Алексеева,Author,
AUT_Минасова,Минасова,Author,
AUT_Амелина И.О.,Амелина И.О.,Author,
AUT_Корякова,Корякова,Author,
AUT_Гуськова,Гуськова,Author,
AUT_Круглова,Круглова,Author,
AUT_Федотова Н.Л.,Федотова Н.Л.,Author,
AUT_Пожидаева,Пожидаева,Author,
AUT_Гапоненко К.Р.,Гапоненко К.Р.,Author,
AUT_Колбина,Колбина,Author,
AUT_Сяо,Сяо,Author,
AUT_Булахова,Булахова,Author,
AUT_Москвичева,Москвичева,Author,
AUT_Бабенкова,Бабенкова,Author,
AUT_Осипова,Осипова,Author,
AUT_Тамбовкина,Тамбовкина,Author,
AUT_Затинацкая,Затинацкая,Author,
AUT_Фоминова,Фоминова,Author,
AUT_Ковалева,Ковалева,Author,
AUT_Шестова,Шестова,Author,
AUT_Кадеева,Кадеева,Author,
AUT_Богомолов,Богомолов,Author,
AUT_Чжицзин У.,Чжицзин У.,Author,
AUT_Козлоцева,Козлоцева,Author,
AUT_Валова Л.В.,Валова Л.В.,Author,
AUT_Савастенко,Савастенко,Author,
AUT_Хорошилов,Хорошилов,Author,
AUT_Королева,Королева,Author,
AUT_Пиксендеева,Пиксендеева,Author,
AUT_Васильева,Васильева,Author,
AUT_Исламов,Исламов,Author,
AUT_Баландина И.Д.,Баландина И.Д.,Author,
AUT_Свердлова,Свердлова,Author,
AUT_Шаймерденова Н.Ж.,Шаймерденова Н.Ж.,Author,
AUT_Кочесокова М.П.,Кочесокова М.П.,Author,
AUT_Ванновская,Ванновская,Author,
AUT_Виноградова,Виноградова,Author,
AUT_Крючкова,Крючкова,Author,
AUT_Нгома,Нгома,Author,
AUT_Кошеварова,Кошеварова,Author,
AUT_Матрусова,Матрусова,Author,
AUT_Эхаева,Эхаева,Author,
AUT_Шустова,Шустова,Author,
AUT_Бубнова,Бубнова,Author,
AUT_Бад,Бад,Author,
AUT_Котлярова,Котлярова,Author,
AUT_Горяинова,Горяинова,Author,
AUT_Леонтьев,Леонтьев,Author,
AUT_Панюкова,Панюкова,Author,
AUT_Лешер,Лешер,Author,
AUT_Маршева Н.В.,Маршева Н.В.,Author,
AUT_Савант Р.,Савант Р.,Author,
AUT_Лобеева,Лобеева,Author,
AUT_Артамонова,Артамонова,Author,
AUT_Клышинский,Клышинский,Author,
AUT_Машканцева С.В.,Машканцева С.В.,Author,
AUT_Орлов,Орлов,Author,
AUT_Болотов,Болотов,Author,
AUT_Крюгер,Крюгер,Author,
AUT_Щербов,Щербов,Author,
AUT_Дзюба Е.В.,Дзюба Е.В.,Author,
AUT_Зиновьева,Зиновьева,Author,
AUT_Овчинникова Л.О.,Овчинникова Л.О.,Author,
AUT_Рязанцева,Рязанцева,Author,
AUT_Кононенко А.П.,Кононенко А.П.,Author,
AUT_Белопухова А.М.,Белопухова А.М.,Author,
AUT_Купрещенко,Купрещенко,Author,
AUT_Кондратьева,Кондратьева,Author,
AUT_Джанхотова,Джанхотова,Author,
AUT_Идиатуллин А.В.,Идиатуллин А.В.,Author,
AUT_Зыкова,Зыкова,Author,
AUT_Петрович,Петрович,Author,
AUT_Термсикос,Термсикос,Author,
AUT_Некрылова В.П.,Некрылова В.П.,Author,
AUT_Сырицына,Сырицына,Author,
AUT_Дулинов,Дулинов,Author,
AUT_Левинский,Левинский,Author,
AUT_Никишкина,Никишкина,Author,
AUT_Алферьева,Алферьева,Author,
AUT_Витвицкая,Витвицкая,Author,
AUT_Вылегжанина,Вылегжанина,Author,
AUT_Козловская Е.С.,Козловская Е.С.,Author,
AUT_Петрунева,Петрунева,Author,
AUT_Ферт,Ферт,Author,
AUT_Сафонова,Сафонова,Author,
AUT_Бабаян,Бабаян,Author,
AUT_Попов,Попов,Author,
AUT_Лисовенко,Лисовенко,Author,
AUT_Жуэ,Жуэ,Author,
AUT_Петрова Н.Е.,Петрова Н.Е.,Author,
AUT_Колин,Колин,Author,
AUT_Андрюшина,Андрюшина,Author,
AUT_Никитин,Никитин,Author,
AUT_Суслова,Суслова,Author,
AUT_Костомаров,Костомаров,Author,
AUT_Судакова,Судакова,Author,
AUT_Нефедов,Нефедов,Author,
AUT_Бароненко,Бароненко,Author,
AUT_Нелюбин,Нелюбин,Author,
AUT_Токтарова,Токтарова,Author,
AUT_Родионова,Родионова,Author,
AUT_Костина К.Г.,Костина К.Г.,Author,
AUT_Попович О.Ю.,Попович О.Ю.,Author,
AUT_Одегова,Одегова,Author,
AUT_Московкин,Московкин,Author,
AUT_Веселовская,Веселовская,Author,
AUT_Каган,Каган,Author,
AUT_Верещагина,Верещагина,Author,
AUT_Гализина Е.Г.,Гализина Е.Г.,Author,
AUT_Абазова,Абазова,Author,
AUT_Бахарева,Бахарева,Author,
AUT_Пироженко,Пироженко,Author,
AUT_Алексеева Е.С.,Алексеева Е.С.,Author,
AUT_Иванов,Иванов,Author,
AUT_Тынник,Тынник,Author,
AUT_Киреева И.А.,Киреева И.А.,Author,
AUT_Ярина,Ярина,Author,
AUT_Гаврикова Э.О.,Гаврикова Э.О.,Author,
AUT_Булаева,Булаева,Author,
AUT_Седова,Седова,Author,
AUT_Арутюнян,Арутюнян,Author,
AUT_Данилова,Данилова,Author,
AUT_Хрисанова,Хрисанова,Author,
AUT_Тулина,Тулина,Author,
AUT_Джегистаева,Джегистаева,Author,
AUT_Колобаева,Колобаева,Author,
AUT_Терехова,Терехова,Author,
AUT_Калачева,Калачева,Author,
AUT_Лыу Т.Н.,Лыу Т.Н.,Author,
AUT_Гнатышкина,Гнатышкина,Author,
AUT_Околелов,Околелов,Author,
AUT_Копотев,Копотев,Author,
AUT_Семенова Н.В.,Семенова Н.В.,Author,
AUT_Брагин,Брагин,Author,
AUT_Сидоренко,Сидоренко,Author,
AUT_Березняцкая,Березняцкая,Author,
AUT_Таланова,Таланова,Author,
AUT_Филатов Е.М.,Филатов Е.М.,Author,
AUT_Чернышева,Чернышева,Author,
AUT_Поспелов,Поспелов,Author,
AUT_Большакова,Большакова,Author,
AUT_Куриленко,Куриленко,Author,
AUT_Резникова,Резникова,Author,
AUT_Кольовска,Кольовска,Author,
AUT_Дубровская,Дубровская,Author,
AUT_Дронова А.Л.,Дронова А.Л.,Author,
AUT_Винокурова,Винокурова,Author,
AUT_Петров Г.П.,Петров Г.П.,Author,
AUT_Крутецкий,Крутецкий,Author,
AUT_Верещагин,Верещагин,Author,
AUT_Доронина,Доронина,Author,
AUT_Чопорова,Чопорова,Author,
AUT_Плужник,Плужник,Author,
AUT_Торунова,Торунова,Author,
AUT_Матюхин,Матюхин,Author,
AUT_Блескина,Блескина,Author,
AUT_Гумерова А.М.,Гумерова А.М.,Author,
AUT_Джанарсанам,Джанарсанам,Author,
AUT_Ле В.Х.,Ле В.Х.,Author,
AUT_Колесник И.И.,Колесник И.И.,Author,
AUT_Яньли,Яньли,Author,
AUT_Грязнова,Грязнова,Author,
AUT_Козловская,Козловская,Author,
AUT_Сюе,Сюе,Author,
AUT_Мередова А.,Мередова А.,Author,
AUT_Ешекенева А.К.,Ешекенева А.К.,Author,
AUT_Грачева О.А.,Грачева О.А.,Author,
AUT_Докукина,Докукина,Author,
AUT_Бедненко Ю.И.,Бедненко Ю.И.,Author,
AUT_Афанасьева Н.Д.,Афанасьева Н.Д.,Author,
AUT_Кузнецов,Кузнецов,Author,
AUT_Мушкова,Мушкова,Author,
AUT_Зубарева,Зубарева,Author,
AUT_Пиков,Пиков,Author,
AUT_Кислик Н.В.,Кислик Н.В.,Author,
AUT_Шестакова Е.В.,Шестакова Е.В.,Author,
AUT_Полякова,Полякова,Author,
AUT_Лыу,Лыу,Author,
AUT_Бабина,Бабина,Author,
AUT_Байчорова,Байчорова,Author,
AUT_Кондрашов,Кондрашов,Author,
AUT_Мушенко Е.В.,Мушенко Е.В.,Author,
AUT_Резаев,Резаев,Author,
AUT_Рапопорт,Рапопорт,Author,
AUT_Крепкогорская,Крепкогорская,Author,
AUT_Фаттахова,Фаттахова,Author,
AUT_Скворцова,Скворцова,Author,
AUT_Кулибина,Кулибина,Author,
AUT_Матухин П.Г.,Матухин П.Г.,Author,
AUT_Грудева,Грудева,Author,
AUT_Коган,Коган,Author,
AUT_Сунь,Сунь,Author,
AUT_Кузнецова А.А.,Кузнецова А.А.,Author,
AUT_Сапин,Сапин,Author,
AUT_Шефиева,Шефиева,Author,
AUT_Маринина,Маринина,Author,
AUT_Морозова,Морозова,Author,
AUT_Шаповалова,Шаповалова,Author,
AUT_Исмаилова,Исмаилова,Author,
AUT_Ивахненко,Ивахненко,Author,
AUT_Язецкий,Язецкий,Author,
AUT_Губин,Губин,Author,
AUT_Ячина,Ячина,Author,
AUT_Боженкова,Боженкова,Author,
AUT_Воронович,Воронович,Author,
AUT_Алехин,Алехин,Author,
AUT_Шитова,Шитова,Author,
AUT_Гутаева Ж.Ж.,Гутаева Ж.Ж.,Author,
AUT_Дорофеев,Дорофеев,Author,
AUT_Жалилова,Жалилова,Author,
AUT_Шадрина,Шадрина,Author,
AUT_Шобонов,Шобонов,Author,
AUT_Сакаргалиева,Сакаргалиева,Author,
AUT_Сюй,Сюй,Author,
AUT_Петросян,Петросян,Author,
AUT_Букин,Букин,Author,
AUT_Аристова,Аристова,Author,
AUT_Кокова,Кокова,Author,
AUT_Боровкова,Боровкова,Author,
AUT_Петров,Петров,Author,
AUT_Ляшенко,Ляшенко,Author,
AUT_Пикалова,Пикалова,Author,
AUT_Рябова,Рябова,Author,
AUT_Савочкина И.В.,Савочкина И.В.,Author,
AUT_Левина,Левина,Author,
AUT_Ткаченко,Ткаченко,Author,
AUT_Зенченко А.Д.,Зенченко А.Д.,Author,
AUT_Фань С.,Фань С.,Author,
AUT_Сычёва Е.С.,Сычёва Е.С.,Author,
